dates,tension,temperature_stream,dH
2015-07-23 15:30:00,1.13336,17.344,-0.00010293308071108396
2015-07-23 15:45:00,1.23682,17.319,-0.008279387057459234
2015-07-23 16:00:00,1.23663,17.32,-0.008261074828051022
2015-07-23 16:15:00,1.20249,17.315,-0.005608766389480108
2015-07-23 16:30:00,1.22831,17.357,-0.0074826505313002716
2015-07-23 16:45:00,1.23903,17.363,-0.008300172232803708
2015-07-23 17:00:00,1.22858,17.37,-0.007458846398368932
2015-07-23 17:15:00,1.23571,17.365,-0.008033653884511717
2015-07-23 17:30:00,1.22736,17.368,-0.0073703585363822785
2015-07-23 17:45:00,1.23949,17.369,-0.008315411177157563
2015-07-23 18:00:00,1.23293,17.359,-0.007837002074993413
2015-07-23 18:15:00,1.22953,17.356,-0.007581503817225429
2015-07-23 18:30:00,1.23083,17.361,-0.007665881871313739
2015-07-23 18:45:00,1.23129,17.361,-0.007701851663544608
2015-07-23 19:00:00,1.23331,17.358,-0.007870171392496956
2015-07-23 19:15:00,1.23453,17.348,-0.00800012095023764
2015-07-23 19:30:00,1.23075,17.342,-0.007725273940217457
2015-07-23 19:45:00,1.22637,17.338,-0.007396599527270428
2015-07-23 20:00:00,1.23373,17.322,-0.008027398463969828
2015-07-23 20:15:00,1.24201,17.308,-0.008723226702505313
2015-07-23 20:30:00,1.22953,17.29,-0.007809543143872543
2015-07-23 20:45:00,1.22202,17.272,-0.0072844897317342686
2015-07-23 21:00:00,1.23224,17.255,-0.008142382083181934
2015-07-23 21:15:00,1.23442,17.237,-0.008375040163907123
2015-07-23 21:30:00,1.23381,17.22,-0.008386078493919157
2015-07-23 21:45:00,1.23465,17.2,-0.008520865288597454
2015-07-23 22:00:00,1.23457,17.182,-0.008576802216188324
2015-07-23 22:15:00,1.23465,17.162,-0.008652160658485182
2015-07-23 22:30:00,1.23453,17.143,-0.008708424919368803
2015-07-23 22:45:00,1.23327,17.124,-0.008675546651680284
2015-07-23 23:00:00,1.23171,17.108,-0.008608844399902664
2015-07-23 23:15:00,1.2332,17.089,-0.008791002933594373
2015-07-23 23:30:00,1.23201,17.073,-0.008753232906002458
2015-07-23 23:45:00,1.22614,17.056,-0.008352964481374452
2015-07-24 00:00:00,1.22309,17.04,-0.00816975138084901
2015-07-24 00:15:00,1.23178,17.022,-0.008911460216841612
2015-07-24 00:30:00,1.23522,17.006,-0.009235733967573519
2015-07-24 00:45:00,1.22892,16.99,-0.008798386465416873
2015-07-24 01:00:00,1.20317,16.971,-0.006850507737436643
2015-07-24 01:15:00,1.23453,16.952,-0.00936835691012028
2015-07-24 01:30:00,1.23445,16.931,-0.00943465926164967
2015-07-24 01:45:00,1.22908,16.909,-0.009090764143836805
2015-07-24 02:00:00,1.23037,16.889,-0.009260738778740965
2015-07-24 02:15:00,1.23247,16.868,-0.009497506667364498
2015-07-24 02:30:00,1.22869,16.846,-0.009277941918349663
2015-07-24 02:45:00,1.23621,16.825,-0.009938527793693539
2015-07-24 03:00:00,1.23331,16.802,-0.009791229962433201
2015-07-24 03:15:00,1.23346,16.779,-0.009882427492703698
2015-07-24 03:30:00,1.23396,16.756,-0.01000099334314985
2015-07-24 03:45:00,1.22717,16.734,-0.009546061040624278
2015-07-24 04:00:00,1.23301,16.712,-0.01007873412043778
2015-07-24 04:15:00,1.22793,16.689,-0.009760970752083301
2015-07-24 04:30:00,1.2134,16.669,-0.008693897315047302
2015-07-24 04:45:00,1.21935,16.646,-0.00923862700822884
2015-07-24 05:00:00,1.20554,16.626,-0.008227854115554212
2015-07-24 05:15:00,1.24304,16.604,-0.011236187243258079
2015-07-24 05:30:00,1.2258,16.584,-0.009957204812861914
2015-07-24 05:45:00,1.23873,16.566,-0.011030461298982604
2015-07-24 06:00:00,1.22343,16.548,-0.009896267274934463
2015-07-24 06:15:00,1.21477,16.531,-0.009277834240906129
2015-07-24 06:30:00,1.23068,16.518,-0.010566836717958324
2015-07-24 06:45:00,1.22908,16.504,-0.010490096375534955
2015-07-24 07:00:00,1.22168,16.495,-0.009942548163636376
2015-07-24 07:15:00,1.21328,16.487,-0.009313349609923032
2015-07-24 07:30:00,1.24369,16.48,-0.011715451646375854
2015-07-24 07:45:00,1.23167,16.478,-0.010782455618968605
2015-07-24 08:00:00,1.23785,16.476,-0.011272612240696058
2015-07-24 08:15:00,1.21042,16.477,-0.009124262749615931
2015-07-24 08:30:00,1.23987,16.508,-0.011320002023699198
2015-07-24 08:45:00,1.25307,16.495,-0.01239709550739121
2015-07-24 09:00:00,1.24868,16.497,-0.012046908294562175
2015-07-24 09:15:00,1.24762,16.522,-0.011877642849209284
2015-07-24 09:30:00,1.21778,16.538,-0.009489015805227036
2015-07-24 09:45:00,1.25799,16.573,-0.012512314871459465
2015-07-24 10:00:00,1.26204,16.564,-0.012860101705307714
2015-07-24 10:15:00,1.2406,16.609,-0.011028115247469243
2015-07-24 10:30:00,1.27176,16.617,-0.013437036564605981
2015-07-24 10:45:00,1.25807,16.633,-0.012311262008729526
2015-07-24 11:00:00,1.25422,16.66,-0.011916921671350628
2015-07-24 11:15:00,1.27237,16.687,-0.013242875745013696
2015-07-24 11:30:00,1.25372,16.771,-0.011494303385375
2015-07-24 11:45:00,1.28099,16.75,-0.013699244470631543
2015-07-24 12:00:00,1.28546,16.768,-0.013986584473244027
2015-07-24 12:15:00,1.28733,16.828,-0.013925501019412506
2015-07-24 12:30:00,1.29286,16.885,-0.01416097742335643
2015-07-24 12:45:00,1.30346,16.887,-0.01498293626605099
2015-07-24 13:00:00,1.3109,16.9,-0.015519791720718315
2015-07-24 13:15:00,1.30175,16.912,-0.014762843940371856
2015-07-24 13:30:00,1.30568,16.931,-0.01500450339340047
2015-07-24 13:45:00,1.30522,16.939,-0.014940892470666925
2015-07-24 14:00:00,1.29301,16.983,-0.013834102854773905
2015-07-24 14:15:00,1.31384,16.986,-0.0154525434572901
2015-07-24 14:30:00,1.30404,17.001,-0.014634403372678908
2015-07-24 14:45:00,1.2908,17.006,-0.013581823211469486
2015-07-24 15:00:00,1.32807,17.016,-0.016461606921047207
2015-07-24 15:15:00,1.31678,17.028,-0.015537321411626667
2015-07-24 15:30:00,1.32033,17.052,-0.01573199098190039
2015-07-24 15:45:00,1.32509,17.059,-0.016080014147099614
2015-07-24 16:00:00,1.32937,17.075,-0.016359407344242415
2015-07-24 16:15:00,1.31525,17.077,-0.015248380830529821
2015-07-24 16:30:00,1.30373,17.085,-0.01431993099024518
2015-07-24 16:45:00,1.31476,17.077,-0.015210065182283879
2015-07-24 17:00:00,1.32895,17.077,-0.016319655077405945
2015-07-24 17:15:00,1.33623,17.081,-0.016875095571808486
2015-07-24 17:30:00,1.3315,17.088,-0.016481046284244613
2015-07-24 17:45:00,1.34051,17.091,-0.017175219616828292
2015-07-24 18:00:00,1.32181,17.099,-0.015685328236939956
2015-07-24 18:15:00,1.33406,17.108,-0.0166121231712728
2015-07-24 18:30:00,1.32876,17.122,-0.016149316630233005
2015-07-24 18:45:00,1.33356,17.142,-0.01645555076638547
2015-07-24 19:00:00,1.3341,17.152,-0.016463224761528138
2015-07-24 19:15:00,1.31411,17.148,-0.014913923268746356
2015-07-24 19:30:00,1.33963,17.148,-0.01690946478555503
2015-07-24 19:45:00,1.33749,17.145,-0.01675249248041946
2015-07-24 20:00:00,1.32387,17.141,-0.015701294414834838
2015-07-24 20:15:00,1.33192,17.13,-0.016368772333316357
2015-07-24 20:30:00,1.33028,17.127,-0.016250897628431727
2015-07-24 20:45:00,1.33803,17.125,-0.016863820714947176
2015-07-24 21:00:00,1.33524,17.121,-0.016659476670798205
2015-07-24 21:15:00,1.3209,17.122,-0.015534702354288022
2015-07-24 21:30:00,1.31853,17.121,-0.015352834870411345
2015-07-24 21:45:00,1.33284,17.126,-0.016454532483029447
2015-07-24 22:00:00,1.33711,17.122,-0.016802246554423934
2015-07-24 22:15:00,1.33486,17.118,-0.01664012791854598
2015-07-24 22:30:00,1.34066,17.113,-0.017110935788021208
2015-07-24 22:45:00,1.32986,17.108,-0.016283703329164796
2015-07-24 23:00:00,1.33413,17.105,-0.01662796225924644
2015-07-24 23:15:00,1.33497,17.104,-0.01669710136898088
2015-07-24 23:30:00,1.33982,17.104,-0.017076348091415127
2015-07-24 23:45:00,1.33356,17.102,-0.01659375641889886
2015-07-25 00:00:00,1.33551,17.108,-0.016725506212000564
2015-07-25 00:15:00,1.32685,17.109,-0.01604488063434122
2015-07-25 00:30:00,1.34226,17.111,-0.01724295839144993
2015-07-25 00:45:00,1.3283,17.104,-0.016175539381633165
2015-07-25 01:00:00,1.32746,17.101,-0.01612022083715007
2015-07-25 01:15:00,1.33608,17.095,-0.01681499431335351
2015-07-25 01:30:00,1.33272,17.09,-0.016569534146231267
2015-07-25 01:45:00,1.32937,17.086,-0.016321400789801224
2015-07-25 02:00:00,1.3333,17.083,-0.01663907335171223
2015-07-25 02:15:00,1.33631,17.078,-0.01689171661178715
2015-07-25 02:30:00,1.33177,17.07,-0.016564351532011155
2015-07-25 02:45:00,1.31891,17.062,-0.015586402384059323
2015-07-25 03:00:00,1.33833,17.053,-0.017136049449621868
2015-07-25 03:15:00,1.32811,17.045,-0.01636453563099505
2015-07-25 03:30:00,1.32181,17.033,-0.015913367563587053
2015-07-25 03:45:00,1.32715,17.023,-0.016365481347395603
2015-07-25 04:00:00,1.32372,17.009,-0.016145643788053745
2015-07-25 04:15:00,1.32189,16.998,-0.016040553125576437
2015-07-25 04:30:00,1.3307,16.987,-0.016767459396439432
2015-07-25 04:45:00,1.3117,16.973,-0.015330122565282898
2015-07-25 05:00:00,1.31075,16.956,-0.015314574527124283
2015-07-25 05:15:00,1.31876,16.939,-0.01599965548546273
2015-07-25 05:30:00,1.29915,16.914,-0.014552626136441224
2015-07-25 05:45:00,1.30602,16.891,-0.015169295414084528
2015-07-25 06:00:00,1.30289,16.871,-0.014993647262770271
2015-07-25 06:15:00,1.2702,16.847,-0.012520369549870961
2015-07-25 06:30:00,1.28115,16.827,-0.01344570982162354
2015-07-25 06:45:00,1.2707,16.807,-0.012697672802635318
2015-07-25 07:00:00,1.27607,16.789,-0.013179773572961583
2015-07-25 07:15:00,1.27268,16.775,-0.012963063821639823
2015-07-25 07:30:00,1.25959,16.752,-0.012018956897265063
2015-07-25 07:45:00,1.2541,16.728,-0.011672588638017631
2015-07-25 08:00:00,1.25269,16.717,-0.011600339959751139
2015-07-25 08:15:00,1.25452,16.697,-0.011812540002926327
2015-07-25 08:30:00,1.25338,16.687,-0.011757948887482484
2015-07-25 08:45:00,1.26295,16.66,-0.012599565771732282
2015-07-25 09:00:00,1.27096,16.675,-0.013174082208060036
2015-07-25 09:15:00,1.25673,16.652,-0.012140832755113093
2015-07-25 09:30:00,1.25319,16.619,-0.011978041408659915
2015-07-25 09:45:00,1.26463,16.642,-0.012793126252206515
2015-07-25 10:00:00,1.26474,16.662,-0.01273262489800503
2015-07-25 10:15:00,1.25608,16.591,-0.0123007694948698
2015-07-25 10:30:00,1.24838,16.564,-0.01179195526645167
2015-07-25 10:45:00,1.25517,16.579,-0.01227107355816707
2015-07-25 11:00:00,1.25208,16.566,-0.012074367225683055
2015-07-25 11:15:00,1.24537,16.561,-0.011566953136879436
2015-07-25 11:30:00,1.24083,16.606,-0.011056465567523198
2015-07-25 11:45:00,1.25048,16.598,-0.01183869038286928
2015-07-25 12:00:00,1.26169,16.612,-0.012666886602115963
2015-07-25 12:15:00,1.24544,16.577,-0.011517144539909206
2015-07-25 12:30:00,1.2438,16.642,-0.011164320225751808
2015-07-25 12:45:00,1.2398,16.602,-0.010989745076257572
2015-07-25 13:00:00,1.23541,16.633,-0.010539358765356312
2015-07-25 13:15:00,1.2538,16.569,-0.012198497546607826
2015-07-25 13:30:00,1.23465,16.604,-0.01058012951104709
2015-07-25 13:45:00,1.23907,16.581,-0.01100522054746071
2015-07-25 14:00:00,1.2396,16.65,-0.010808259253141123
2015-07-25 14:15:00,1.24464,16.611,-0.011337113574871287
2015-07-25 14:30:00,1.2604,16.703,-0.012251596934000523
2015-07-25 14:45:00,1.25174,16.598,-0.011937216335501684
2015-07-25 15:00:00,1.23785,16.621,-0.010771616750334985
2015-07-25 15:15:00,1.24296,16.605,-0.011226476485905098
2015-07-25 15:30:00,1.26211,16.633,-0.012627170618757231
2015-07-25 15:45:00,1.25303,16.588,-0.012072639557277495
2015-07-25 16:00:00,1.23442,16.584,-0.010631247441188355
2015-07-25 16:15:00,1.25483,16.578,-0.01224794233130926
2015-07-25 16:30:00,1.25307,16.579,-0.012106863637113068
2015-07-25 16:45:00,1.27382,16.562,-0.01378815144984583
2015-07-25 17:00:00,1.24983,16.586,-0.01182932519829706
2015-07-25 17:15:00,1.24884,16.562,-0.011834835341308202
2015-07-25 17:30:00,1.23884,16.561,-0.011056338477601976
2015-07-25 17:45:00,1.23037,16.551,-0.010428576542479178
2015-07-25 18:00:00,1.24453,16.551,-0.011535820581586172
2015-07-25 18:15:00,1.2398,16.545,-0.011186688131089159
2015-07-25 18:30:00,1.24567,16.547,-0.011638783675409691
2015-07-25 18:45:00,1.26284,16.552,-0.012964119561463254
2015-07-25 19:00:00,1.26005,16.549,-0.012756320376001433
2015-07-25 19:15:00,1.24449,16.542,-0.011563789045381618
2015-07-25 19:30:00,1.24449,16.541,-0.01156724418669446
2015-07-25 19:45:00,1.22503,16.534,-0.0100697515741172
2015-07-25 20:00:00,1.25906,16.523,-0.012768740801638265
2015-07-25 20:15:00,1.23274,16.513,-0.010745194537556414
2015-07-25 20:30:00,1.23735,16.501,-0.011147136107624226
2015-07-25 20:45:00,1.25395,16.49,-0.012483182990397069
2015-07-25 21:00:00,1.24506,16.471,-0.011853675342878992
2015-07-25 21:15:00,1.23697,16.455,-0.01127635843182392
2015-07-25 21:30:00,1.25345,16.436,-0.012630663021039204
2015-07-25 21:45:00,1.25093,16.416,-0.012502713942031101
2015-07-25 22:00:00,1.23552,16.394,-0.01137373901117909
2015-07-25 22:15:00,1.24502,16.372,-0.01219260652482957
2015-07-25 22:30:00,1.23838,16.35,-0.011749403502379274
2015-07-25 22:45:00,1.22606,16.326,-0.01086896202370382
2015-07-25 23:00:00,1.23037,16.299,-0.011299272153313587
2015-07-25 23:15:00,1.26131,16.275,-0.013801555048350617
2015-07-25 23:30:00,1.24136,16.247,-0.012338304755096965
2015-07-25 23:45:00,1.23732,16.222,-0.012108774677890123
2015-07-26 00:00:00,1.23198,16.197,-0.011777590840030834
2015-07-26 00:15:00,1.22965,16.17,-0.011688684838307916
2015-07-26 00:30:00,1.22805,16.142,-0.011660316474264265
2015-07-26 00:45:00,1.23407,16.114,-0.012227795538045106
2015-07-26 01:00:00,1.22755,16.085,-0.011818161928844887
2015-07-26 01:15:00,1.22934,16.055,-0.012061785577128363
2015-07-26 01:30:00,1.23957,16.029,-0.01295155615239657
2015-07-26 01:45:00,1.2274,15.998,-0.012107029942986255
2015-07-26 02:00:00,1.22499,15.967,-0.01202568889047454
2015-07-26 02:15:00,1.23323,15.935,-0.012780581864620973
2015-07-26 02:30:00,1.23732,15.904,-0.013207509615371647
2015-07-26 02:45:00,1.23983,15.872,-0.013514344090642155
2015-07-26 03:00:00,1.24197,15.839,-0.01379570148303979
2015-07-26 03:15:00,1.23358,15.808,-0.013246753131526665
2015-07-26 03:30:00,1.23358,15.774,-0.013364227936163058
2015-07-26 03:45:00,1.23449,15.743,-0.013542494949317687
2015-07-26 04:00:00,1.23423,15.711,-0.013632728719197901
2015-07-26 04:15:00,1.23426,15.678,-0.01374909423853651
2015-07-26 04:30:00,1.23095,15.644,-0.013607742929511597
2015-07-26 04:45:00,1.23419,15.612,-0.01397165990114848
2015-07-26 05:00:00,1.22629,15.581,-0.013461027197881323
2015-07-26 05:15:00,1.22614,15.55,-0.01355640729850391
2015-07-26 05:30:00,1.22477,15.521,-0.0135494789718885
2015-07-26 05:45:00,1.2174,15.495,-0.013063014018323174
2015-07-26 06:00:00,1.21561,15.471,-0.013005968000932799
2015-07-26 06:15:00,1.21248,15.451,-0.012830319849618525
2015-07-26 06:30:00,1.224,15.434,-0.013789865961718682
2015-07-26 06:45:00,1.22297,15.418,-0.013764607166207077
2015-07-26 07:00:00,1.22084,15.406,-0.013639513084892032
2015-07-26 07:15:00,1.22469,15.394,-0.013982026302578403
2015-07-26 07:30:00,1.22442,15.387,-0.013985099587632737
2015-07-26 07:45:00,1.21618,15.38,-0.013364957124686862
2015-07-26 08:00:00,1.2145,15.374,-0.013254320035720664
2015-07-26 08:15:00,1.22614,15.372,-0.014171422452188536
2015-07-26 08:30:00,1.22553,15.373,-0.014120268238569541
2015-07-26 08:45:00,1.22114,15.385,-0.013735529612612141
2015-07-26 09:00:00,1.21828,15.384,-0.01351534648048953
2015-07-26 09:15:00,1.2219,15.389,-0.013781137399742254
2015-07-26 09:30:00,1.22679,15.417,-0.014066767973437203
2015-07-26 09:45:00,1.22831,15.442,-0.014099246145379225
2015-07-26 10:00:00,1.23602,15.454,-0.014660669445494894
2015-07-26 10:15:00,1.24022,15.453,-0.014992544428915759
2015-07-26 10:30:00,1.23831,15.476,-0.0147637233457619
2015-07-26 10:45:00,1.23075,15.487,-0.014134561075526303
2015-07-26 11:00:00,1.25063,15.486,-0.01569253680281703
2015-07-26 11:15:00,1.23915,15.501,-0.014743028781362631
2015-07-26 11:30:00,1.24769,15.517,-0.015355533532643548
2015-07-26 11:45:00,1.23919,15.534,-0.014632136926059148
2015-07-26 12:00:00,1.2499,15.558,-0.015386684131926535
2015-07-26 12:15:00,1.25666,15.568,-0.01588073227419108
2015-07-26 12:30:00,1.24281,15.592,-0.01471480535573162
2015-07-26 12:45:00,1.24582,15.603,-0.014912166354801176
2015-07-26 13:00:00,1.23777,15.634,-0.014175585610062946
2015-07-26 13:15:00,1.24857,15.67,-0.014895708688221475
2015-07-26 13:30:00,1.25895,15.644,-0.015797208543564985
2015-07-26 13:45:00,1.2549,15.646,-0.015473607698906582
2015-07-26 14:00:00,1.25238,15.649,-0.015266190369703286
2015-07-26 14:15:00,1.25917,15.652,-0.015786770357172717
2015-07-26 14:30:00,1.24929,15.662,-0.01497965036308553
2015-07-26 14:45:00,1.26383,15.66,-0.016123518861008924
2015-07-26 15:00:00,1.25532,15.662,-0.015451167422112026
2015-07-26 15:15:00,1.266,15.666,-0.016272471598221056
2015-07-26 15:30:00,1.24903,15.669,-0.014935133621765202
2015-07-26 15:45:00,1.26368,15.673,-0.016066872743866777
2015-07-26 16:00:00,1.25772,15.689,-0.01554554708787006
2015-07-26 16:15:00,1.25956,15.692,-0.01567906083285506
2015-07-26 16:30:00,1.26009,15.692,-0.015720504289121067
2015-07-26 16:45:00,1.26452,15.683,-0.016098005299160043
2015-07-26 17:00:00,1.25845,15.674,-0.015654456703928985
2015-07-26 17:15:00,1.26135,15.663,-0.01591922933982569
2015-07-26 17:30:00,1.26204,15.656,-0.01599737001736186
2015-07-26 17:45:00,1.26574,15.652,-0.01630051282447026
2015-07-26 18:00:00,1.25639,15.648,-0.015583208265028752
2015-07-26 18:15:00,1.26612,15.65,-0.016337137283286632
2015-07-26 18:30:00,1.25029,15.653,-0.015088941835402946
2015-07-26 18:45:00,1.26482,15.656,-0.01621475267475716
2015-07-26 19:00:00,1.26768,15.657,-0.01643493580687976
2015-07-26 19:15:00,1.26108,15.664,-0.015894661494377342
2015-07-26 19:30:00,1.26951,15.66,-0.016567667599859746
2015-07-26 19:45:00,1.26234,15.663,-0.01599664258832258
2015-07-26 20:00:00,1.27035,15.662,-0.01662644128565569
2015-07-26 20:15:00,1.2668,15.664,-0.016341938041248245
2015-07-26 20:30:00,1.27268,15.668,-0.01678790525494812
2015-07-26 20:45:00,1.26986,15.675,-0.016543208800342893
2015-07-26 21:00:00,1.26802,15.682,-0.016375143642229535
2015-07-26 21:15:00,1.26913,15.692,-0.016427388901658315
2015-07-26 21:30:00,1.27131,15.701,-0.016566758166936948
2015-07-26 21:45:00,1.26242,15.712,-0.01583359628003383
2015-07-26 22:00:00,1.27653,15.721,-0.016905834287300203
2015-07-26 22:15:00,1.26726,15.731,-0.016146413365519186
2015-07-26 22:30:00,1.26253,15.741,-0.01574199865401681
2015-07-26 22:45:00,1.27577,15.75,-0.016746206836846547
2015-07-26 23:00:00,1.2771,15.759,-0.016819110181698557
2015-07-26 23:15:00,1.26974,15.768,-0.01621249723418902
2015-07-26 23:30:00,1.27684,15.775,-0.016743497168562705
2015-07-26 23:45:00,1.27726,15.78,-0.016759063446209345
2015-07-27 00:00:00,1.27474,15.784,-0.01654819097569319
2015-07-27 00:15:00,1.27893,15.788,-0.01686200830054483
2015-07-27 00:30:00,1.27546,15.789,-0.016587215813490392
2015-07-27 00:45:00,1.2763,15.792,-0.016642534357973488
2015-07-27 01:00:00,1.27932,15.795,-0.016868318439550743
2015-07-27 01:15:00,1.27607,15.797,-0.01660727375529388
2015-07-27 01:30:00,1.27474,15.797,-0.016503274138626338
2015-07-27 01:45:00,1.27382,15.8,-0.01642096913022607
2015-07-27 02:00:00,1.27989,15.803,-0.01688524857333414
2015-07-27 02:15:00,1.27901,15.804,-0.016812981655579633
2015-07-27 02:30:00,1.27893,15.808,-0.01679290547428813
2015-07-27 02:45:00,1.27134,15.81,-0.016192493619852987
2015-07-27 03:00:00,1.28096,15.813,-0.016934366024742842
2015-07-27 03:15:00,1.28138,15.814,-0.016963752867640798
2015-07-27 03:30:00,1.27077,15.813,-0.0161375569316284
2015-07-27 03:45:00,1.27432,15.812,-0.016418605034723005
2015-07-27 04:00:00,1.27863,15.812,-0.016755626348886225
2015-07-27 04:15:00,1.27623,15.811,-0.016571413008994486
2015-07-27 04:30:00,1.27413,15.81,-0.016410658229253312
2015-07-27 04:45:00,1.2744,15.81,-0.016431770933388826
2015-07-27 05:00:00,1.2697,15.809,-0.016067708632342713
2015-07-27 05:15:00,1.27218,15.805,-0.016275453294838788
2015-07-27 05:30:00,1.27314,15.804,-0.016353975828633436
2015-07-27 05:45:00,1.27451,15.803,-0.01646455839463389
2015-07-27 06:00:00,1.26749,15.802,-0.01591908322842334
2015-07-27 06:15:00,1.27443,15.801,-0.0164652130612194
2015-07-27 06:30:00,1.27115,15.8,-0.01621218794488598
2015-07-27 06:45:00,1.27352,15.799,-0.01640096571138834
2015-07-27 07:00:00,1.27001,15.798,-0.016129955698939488
2015-07-27 07:15:00,1.27123,15.799,-0.01622189870223898
2015-07-27 07:30:00,1.27035,15.801,-0.016146176643171632
2015-07-27 07:45:00,1.27016,15.807,-0.016110588707199253
2015-07-27 08:00:00,1.26673,15.812,-0.015825103462913534
2015-07-27 08:15:00,1.27569,15.822,-0.016491181046282274
2015-07-27 08:30:00,1.27455,15.826,-0.016388217952458765
2015-07-27 08:45:00,1.27173,15.837,-0.016129700932602204
2015-07-27 09:00:00,1.26898,15.844,-0.01589047814203211
2015-07-27 09:15:00,1.26696,15.854,-0.015697972423889917
2015-07-27 09:30:00,1.27352,15.858,-0.016197112373931073
2015-07-27 09:45:00,1.27207,15.873,-0.016031902213510797
2015-07-27 10:00:00,1.26631,15.87,-0.015591863282558318
2015-07-27 10:15:00,1.26829,15.878,-0.015719048649049397
2015-07-27 10:30:00,1.26677,15.942,-0.015379062900265066
2015-07-27 10:45:00,1.2747,15.925,-0.016057888242563382
2015-07-27 11:00:00,1.27081,15.944,-0.0156880612276671
2015-07-27 11:15:00,1.27623,15.931,-0.016156796051454297
2015-07-27 11:30:00,1.27855,15.952,-0.016265650949049186
2015-07-27 11:45:00,1.27764,15.956,-0.01618067275134112
2015-07-27 12:00:00,1.27325,15.991,-0.015716465875188518
2015-07-27 12:15:00,1.27916,15.986,-0.016195875216718957
2015-07-27 12:30:00,1.2734,15.992,-0.01572474001395097
2015-07-27 12:45:00,1.27356,16.021,-0.015637052147959053
2015-07-27 13:00:00,1.27462,16.024,-0.015709573636552576
2015-07-27 13:15:00,1.27367,16.061,-0.015507447967500875
2015-07-27 13:30:00,1.27779,16.075,-0.015781240215189028
2015-07-27 13:45:00,1.27882,16.105,-0.01575812703232095
2015-07-27 14:00:00,1.28161,16.101,-0.015990112206972603
2015-07-27 14:15:00,1.27775,16.105,-0.0156744581677839
2015-07-27 14:30:00,1.27405,16.132,-0.015291847110480298
2015-07-27 14:45:00,1.28035,16.144,-0.01574301517788831
2015-07-27 15:00:00,1.27691,16.186,-0.015328907753022673
2015-07-27 15:15:00,1.28656,16.184,-0.01609040172049173
2015-07-27 15:30:00,1.28206,16.19,-0.015717792470356148
2015-07-27 15:45:00,1.28305,16.205,-0.015743378599160522
2015-07-27 16:00:00,1.28386,16.222,-0.01574797930924886
2015-07-27 16:15:00,1.28504,16.233,-0.015802243091399926
2015-07-27 16:30:00,1.28618,16.251,-0.01582919307634108
2015-07-27 16:45:00,1.28157,16.259,-0.015441072071524614
2015-07-27 17:00:00,1.28077,16.27,-0.015340509356681898
2015-07-27 17:15:00,1.28038,16.277,-0.015285827239296307
2015-07-27 17:30:00,1.28683,16.285,-0.015762545152030922
2015-07-27 17:45:00,1.2892,16.291,-0.015927136929343427
2015-07-27 18:00:00,1.28862,16.305,-0.01583341173467265
2015-07-27 18:15:00,1.28702,16.308,-0.015697933989931093
2015-07-27 18:30:00,1.28111,16.313,-0.015218524648400645
2015-07-27 18:45:00,1.28756,16.315,-0.015715973409012266
2015-07-27 19:00:00,1.28813,16.322,-0.015736358684108512
2015-07-27 19:15:00,1.27573,16.324,-0.014759827915259193
2015-07-27 19:30:00,1.28149,16.323,-0.015213687411463013
2015-07-27 19:45:00,1.28099,16.322,-0.015178044952524904
2015-07-27 20:00:00,1.28523,16.322,-0.015509592602652991
2015-07-27 20:15:00,1.28595,16.319,-0.015576258570952854
2015-07-27 20:30:00,1.28992,16.32,-0.015883238375632592
2015-07-27 20:45:00,1.28248,16.322,-0.015294555801272746
2015-07-27 21:00:00,1.28676,16.322,-0.01562923125942089
2015-07-27 21:15:00,1.28588,16.324,-0.015553509200353536
2015-07-27 21:30:00,1.27863,16.324,-0.014986593996714714
2015-07-27 21:45:00,1.28248,16.324,-0.015287645518647065
2015-07-27 22:00:00,1.28027,16.322,-0.015121744408163528
2015-07-27 22:15:00,1.28233,16.318,-0.015296647086448786
2015-07-27 22:30:00,1.27989,16.314,-0.015119671362475478
2015-07-27 22:45:00,1.27497,16.311,-0.014745316399944598
2015-07-27 23:00:00,1.26551,16.305,-0.014026320651073574
2015-07-27 23:15:00,1.26974,16.299,-0.014377817197073659
2015-07-27 23:30:00,1.27028,16.292,-0.014444228594534526
2015-07-27 23:45:00,1.27901,16.287,-0.015144148401480347
2015-07-28 00:00:00,1.27569,16.28,-0.014908726325003856
2015-07-28 00:15:00,1.27813,16.272,-0.015127163744731194
2015-07-28 00:30:00,1.26886,16.263,-0.014433390507894038
2015-07-28 00:45:00,1.27024,16.255,-0.014568941015089352
2015-07-28 01:00:00,1.27523,16.245,-0.01499368647872221
2015-07-28 01:15:00,1.27241,16.235,-0.014807727426435189
2015-07-28 01:30:00,1.27642,16.228,-0.015145476169637677
2015-07-28 01:45:00,1.26791,16.22,-0.014507676143869138
2015-07-28 02:00:00,1.2636,16.209,-0.014208661384147099
2015-07-28 02:15:00,1.27104,16.199,-0.014824985089009616
2015-07-28 02:30:00,1.26696,16.188,-0.014543955225403046
2015-07-28 02:45:00,1.27447,16.176,-0.015172662876926379
2015-07-28 03:00:00,1.27661,16.165,-0.015378007160441643
2015-07-28 03:15:00,1.26734,16.153,-0.014694599347542981
2015-07-28 03:30:00,1.2665,16.138,-0.014680742498813891
2015-07-28 03:45:00,1.26825,16.127,-0.014855590654133439
2015-07-28 04:00:00,1.25784,16.117,-0.014076130030036929
2015-07-28 04:15:00,1.26581,16.105,-0.014740807473791149
2015-07-28 04:30:00,1.26272,16.096,-0.014530280576055772
2015-07-28 04:45:00,1.26482,16.084,-0.014735952192863796
2015-07-28 05:00:00,1.25502,16.069,-0.014021466347637634
2015-07-28 05:15:00,1.26574,16.053,-0.014915001158023435
2015-07-28 05:30:00,1.25891,16.036,-0.014439665340913592
2015-07-28 05:45:00,1.26154,16.025,-0.014683325272674814
2015-07-28 06:00:00,1.25635,16.019,-0.014298223029946924
2015-07-28 06:15:00,1.25555,16.009,-0.01427021828267373
2015-07-28 06:30:00,1.26013,15.998,-0.014666358855413654
2015-07-28 06:45:00,1.25921,15.985,-0.01463933610801875
2015-07-28 07:00:00,1.25475,15.975,-0.014325136926908602
2015-07-28 07:15:00,1.25597,15.964,-0.01445854162596211
2015-07-28 07:30:00,1.25456,15.954,-0.014382837806382762
2015-07-28 07:45:00,1.25177,15.946,-0.01419231432748514
2015-07-28 08:00:00,1.25307,15.939,-0.014318154077327446
2015-07-28 08:15:00,1.25601,15.925,-0.014596419945182758
2015-07-28 08:30:00,1.25055,15.918,-0.014193660139632193
2015-07-28 08:45:00,1.2464,15.912,-0.01388988090542628
2015-07-28 09:00:00,1.2377,15.909,-0.0132199480849982
2015-07-28 09:15:00,1.2459,15.923,-0.013812776750734149
2015-07-28 09:30:00,1.2501,15.956,-0.014027176929518602
2015-07-28 09:45:00,1.25158,15.95,-0.014163636674138424
2015-07-28 10:00:00,1.24056,15.96,-0.01326737415147908
2015-07-28 10:15:00,1.25051,15.912,-0.01421126317948912
2015-07-28 10:30:00,1.25471,15.92,-0.014512041891094448
2015-07-28 10:45:00,1.24979,15.936,-0.014072039243619699
2015-07-28 11:00:00,1.25368,15.937,-0.01437276343225928
2015-07-28 11:15:00,1.24918,15.926,-0.014058891584441886
2015-07-28 11:30:00,1.25174,15.933,-0.014234885308536938
2015-07-28 11:45:00,1.24727,15.936,-0.013874987338354907
2015-07-28 12:00:00,1.2496,15.952,-0.014001899894518988
2015-07-28 12:15:00,1.2549,15.952,-0.014416334457179082
2015-07-28 12:30:00,1.24548,15.958,-0.013659004820574116
2015-07-28 12:45:00,1.24758,15.965,-0.013799028752438273
2015-07-28 13:00:00,1.24197,15.96,-0.01337762938418676
2015-07-28 13:15:00,1.24704,15.952,-0.013801720181234097
2015-07-28 13:30:00,1.24769,15.969,-0.013793809659242153
2015-07-28 13:45:00,1.24361,15.961,-0.013502414371697054
2015-07-28 14:00:00,1.24784,15.964,-0.013822814645881611
2015-07-28 14:15:00,1.24144,15.967,-0.013311999938730909
2015-07-28 14:30:00,1.24662,15.955,-0.013758512773084805
2015-07-28 14:45:00,1.25414,15.95,-0.014363816387423315
2015-07-28 15:00:00,1.25135,15.955,-0.014128376071458814
2015-07-28 15:15:00,1.24849,15.964,-0.013873641526207854
2015-07-28 15:30:00,1.24437,15.953,-0.01358948385458118
2015-07-28 15:45:00,1.25227,15.949,-0.014221046503797578
2015-07-28 16:00:00,1.25296,15.942,-0.014299187181333746
2015-07-28 16:15:00,1.24495,15.933,-0.013703939897128987
2015-07-28 16:30:00,1.24857,15.933,-0.013987006522945886
2015-07-28 16:45:00,1.24205,15.927,-0.013497904663550471
2015-07-28 17:00:00,1.24685,15.92,-0.013897427615149463
2015-07-28 17:15:00,1.25048,15.915,-0.01419855189953556
2015-07-28 17:30:00,1.24342,15.915,-0.013646493783992094
2015-07-28 17:45:00,1.24887,15.912,-0.014083023050665985
2015-07-28 18:00:00,1.24624,15.908,-0.013891190238597322
2015-07-28 18:15:00,1.24495,15.897,-0.013828324984391042
2015-07-28 18:30:00,1.24758,15.887,-0.014068529774839399
2015-07-28 18:45:00,1.24884,15.879,-0.014194696857974483
2015-07-28 19:00:00,1.24197,15.868,-0.013695502384967572
2015-07-28 19:15:00,1.24804,15.86,-0.014197788382516834
2015-07-28 19:30:00,1.25521,15.854,-0.014779178817992502
2015-07-28 19:45:00,1.23835,15.851,-0.013471173161468869
2015-07-28 20:00:00,1.24296,15.847,-0.013845473601034003
2015-07-28 20:15:00,1.24346,15.843,-0.013898391766536285
2015-07-28 20:30:00,1.23293,15.837,-0.01309572715312823
2015-07-28 20:45:00,1.24704,15.831,-0.014219792280087127
2015-07-28 21:00:00,1.24922,15.826,-0.014407533523745464
2015-07-28 21:15:00,1.23899,15.82,-0.013628327470487978
2015-07-28 21:30:00,1.24273,15.816,-0.013934598085616432
2015-07-28 21:45:00,1.23941,15.811,-0.013692265726514276
2015-07-28 22:00:00,1.23693,15.803,-0.01352598275977224
2015-07-28 22:15:00,1.23697,15.795,-0.01355675169829499
2015-07-28 22:30:00,1.23735,15.791,-0.013600286439737052
2015-07-28 22:45:00,1.2398,15.788,-0.013802230104905232
2015-07-28 23:00:00,1.24189,15.784,-0.013979478639205555
2015-07-28 23:15:00,1.24517,15.78,-0.014249779462103165
2015-07-28 23:30:00,1.23312,15.773,-0.013331713285245019
2015-07-28 23:45:00,1.22488,15.765,-0.012715025963611985
2015-07-29 00:00:00,1.23697,15.756,-0.013691502209495549
2015-07-29 00:15:00,1.22404,15.747,-0.012711534538821423
2015-07-29 00:30:00,1.23484,15.738,-0.013587138976057518
2015-07-29 00:45:00,1.23716,15.73,-0.013796192971724628
2015-07-29 01:00:00,1.23236,15.722,-0.013448497139818152
2015-07-29 01:15:00,1.23644,15.713,-0.013798629829681455
2015-07-29 01:30:00,1.23594,15.705,-0.013787173359933177
2015-07-29 01:45:00,1.24006,15.695,-0.014143888999129373
2015-07-29 02:00:00,1.23266,15.686,-0.013596340787230795
2015-07-29 02:15:00,1.23095,15.677,-0.013493723266188045
2015-07-29 02:30:00,1.23503,15.667,-0.01384731109736418
2015-07-29 02:45:00,1.23278,15.657,-0.013705923309363224
2015-07-29 03:00:00,1.22686,15.647,-0.013277559135520292
2015-07-29 03:15:00,1.22385,15.636,-0.013080198136450748
2015-07-29 03:30:00,1.23255,15.626,-0.01379504779394568
2015-07-29 03:45:00,1.22969,15.617,-0.01360250579232573
2015-07-29 04:00:00,1.2398,15.608,-0.014424155541215528
2015-07-29 04:15:00,1.22755,15.598,-0.013500815748195515
2015-07-29 04:30:00,1.22343,15.589,-0.013209747793943178
2015-07-29 04:45:00,1.23854,15.58,-0.0144223735453425
2015-07-29 05:00:00,1.23781,15.57,-0.014399842462104467
2015-07-29 05:15:00,1.23526,15.56,-0.014234996113952951
2015-07-29 05:30:00,1.23487,15.551,-0.014235596257572716
2015-07-29 05:45:00,1.23598,15.542,-0.014353489201945355
2015-07-29 06:00:00,1.23583,15.534,-0.01436940105237274
2015-07-29 06:15:00,1.2293,15.527,-0.013882972382285143
2015-07-29 06:30:00,1.23461,15.518,-0.01432928516876578
2015-07-29 06:45:00,1.23697,15.508,-0.014548377255078623
2015-07-29 07:00:00,1.23739,15.512,-0.014567398674038086
2015-07-29 07:15:00,1.23625,15.505,-0.014502442134655767
2015-07-29 07:30:00,1.23789,15.503,-0.014637592546104554
2015-07-29 07:45:00,1.23392,15.493,-0.014361709013240333
2015-07-29 08:00:00,1.23247,15.499,-0.014227595124635556
2015-07-29 08:15:00,1.23457,15.5,-0.014388349904376728
2015-07-29 08:30:00,1.23114,15.513,-0.014075223529588331
2015-07-29 08:45:00,1.23526,15.508,-0.01441466346222037
2015-07-29 09:00:00,1.23228,15.533,-0.014095263231903816
2015-07-29 09:15:00,1.23461,15.545,-0.014235996353319234
2015-07-29 09:30:00,1.23991,15.562,-0.014591693513661156
2015-07-29 09:45:00,1.23709,15.541,-0.0144437410158153
2015-07-29 10:00:00,1.24273,15.513,-0.01498150590340543
2015-07-29 10:15:00,1.24022,15.599,-0.014488093797241846
2015-07-29 10:30:00,1.30335,19.928,-0.004467250061664655
