dates,temperature_stream,dH
12-07-2016 13:45,14.577,0.2490407437122945
12-07-2016 14:00,14.745,0.20973489423383362
12-07-2016 14:15,14.577,0.19233391778330022
12-07-2016 14:30,14.649,0.14608740884605242
12-07-2016 14:45,14.792,0.10422083711867497
12-07-2016 15:00,14.84,0.10372953967356421
12-07-2016 15:15,14.601,0.11103108826085441
12-07-2016 15:30,14.673,0.06620455650098583
12-07-2016 15:45,14.553,0.06976116531711948
12-07-2016 16:00,14.697,0.04285951634887753
12-07-2016 16:15,14.601,0.026732632328896853
12-07-2016 16:30,14.864,0.03159126439206982
12-07-2016 16:45,14.864,0.023409246893227736
12-07-2016 17:00,14.984,0.0334642253676807
12-07-2016 17:15,14.768,0.05086295576926911
12-07-2016 17:30,14.792,0.04070237256884528
12-07-2016 17:45,14.625,0.039278913953398886
12-07-2016 18:00,14.697,0.03449521276949125
12-07-2016 18:15,14.505,0.039209553093853475
12-07-2016 18:30,14.529,0.028422826651396695
12-07-2016 18:45,14.385,0.03097484996560261
12-07-2016 19:00,14.361,0.026697822945768578
12-07-2016 19:15,14.433,-0.004486879880541135
12-07-2016 19:30,14.242,0.012198598804946422
12-07-2016 19:45,14.098,0.019026999775930403
12-07-2016 20:00,14.146,0.04704204376006242
12-07-2016 20:15,14.218,0.022992155329015485
12-07-2016 20:30,14.05,0.00339637447673926
12-07-2016 20:45,14.122,0.00206787327280507
12-07-2016 21:00,13.93,0.0009720884843861674
12-07-2016 21:15,13.978,-0.01609898831769366
12-07-2016 21:30,13.81,0.013415331982454815
12-07-2016 21:45,13.81,-0.0023564229186786505
12-07-2016 22:00,13.714,-0.006924215103748522
12-07-2016 22:15,13.738,0.006605389339988935
12-07-2016 22:30,13.762,0.001355282610942599
12-07-2016 22:45,13.57,0.018841301968795535
12-07-2016 23:00,13.594,0.012744602424105725
12-07-2016 23:15,13.425,0.028975278727816772
12-07-2016 23:30,13.497,0.023288592043293536
12-07-2016 23:45,13.546,0.0008379267585294376
13-07-2016 00:00,13.425,0.023250477786732063
13-07-2016 00:15,13.401,0.028158775357487384
13-07-2016 00:30,13.329,0.03545566599785635
13-07-2016 00:45,13.353,0.026480176547453917
13-07-2016 01:00,13.161,0.041833506809301035
13-07-2016 01:15,13.233,0.04441031019928178
13-07-2016 01:30,13.137,0.21536322951486242
13-07-2016 01:45,13.161,0.16716356056285456
13-07-2016 02:00,13.209,0.14933747309415318
13-07-2016 02:15,13.112,0.1245671884904978
13-07-2016 02:30,13.112,0.10894733486557387
13-07-2016 02:45,13.016,0.11313764693153289
13-07-2016 03:00,13.112,0.10610736571905457
13-07-2016 03:15,13.185,0.09598607663598796
13-07-2016 03:30,13.016,0.09133082723893282
13-07-2016 03:45,13.064,0.09175344907728955
13-07-2016 04:00,13.064,0.08070619502370487
13-07-2016 04:15,12.92,0.08648913866974187
13-07-2016 04:30,13.016,0.0881894739841982
13-07-2016 04:45,12.871,0.08700018498601578
13-07-2016 05:00,12.92,0.09379470001540152
13-07-2016 05:15,12.823,0.10071932048680654
13-07-2016 05:30,12.92,0.08307277304987136
13-07-2016 05:45,13.016,0.08115560444829154
13-07-2016 06:00,12.871,0.0596608555698844
13-07-2016 06:15,12.992,0.0696267602511863
13-07-2016 06:30,12.992,0.06014669765855495
13-07-2016 06:45,12.944,0.060107415633754754
13-07-2016 07:00,13.04,0.05844030113139314
13-07-2016 07:15,12.944,0.05856883421825313
13-07-2016 07:30,13.04,0.07841850524828615
13-07-2016 07:45,13.088,0.053899410180360215
13-07-2016 08:00,13.088,0.052630801299243156
13-07-2016 08:15,13.185,0.04638417117120944
13-07-2016 08:30,13.161,0.043722227165276184
13-07-2016 08:45,13.401,0.012473542338135284
13-07-2016 09:00,13.497,0.0031780564883891593
13-07-2016 09:15,13.425,0.022898261084558516
13-07-2016 09:30,13.69,-0.007144796931714074
13-07-2016 09:45,13.786,-0.024010212908222965
13-07-2016 10:00,13.858,-0.007084247732270321
13-07-2016 10:15,13.93,-0.01476769706116348
13-07-2016 10:30,13.786,-0.013052496887069815
13-07-2016 10:45,13.882,-0.02191549633384903
13-07-2016 11:00,13.81,-0.019630957125476474
13-07-2016 11:15,13.81,0.01073516228868871
13-07-2016 11:30,13.858,-0.0026143097862671993
13-07-2016 11:45,13.858,-0.01636213960921954
13-07-2016 12:00,14.074,-0.05779079097755933
13-07-2016 12:15,14.29,-0.06449063212383538
13-07-2016 12:30,14.17,-0.05306594552417935
13-07-2016 12:45,14.146,-0.06608477973810477
13-07-2016 13:00,13.954,-0.03950513701964437
13-07-2016 13:15,13.882,-0.00727499192276696
13-07-2016 13:30,13.762,0.002475736712852237
13-07-2016 13:45,13.786,-0.017563352920714145
13-07-2016 14:00,13.882,0.15711500931640343
13-07-2016 14:15,13.762,0.12423197070395653
13-07-2016 14:30,13.834,0.09583915870434427
13-07-2016 14:45,13.786,0.039494665426017726
13-07-2016 15:00,13.81,0.03635730488980662
13-07-2016 15:15,13.834,0.04003695397817278
13-07-2016 15:30,13.714,0.04452885623920388
13-07-2016 15:45,13.81,0.013475856015970317
13-07-2016 16:00,13.738,0.017020923643774298
13-07-2016 16:15,13.834,0.007506199066443653
13-07-2016 16:30,13.882,-0.0002658241988502541
13-07-2016 16:45,13.762,-0.01560206468876604
13-07-2016 17:00,13.81,-0.002271041473782794
13-07-2016 17:15,13.882,-0.012176190132191346
13-07-2016 17:30,13.762,0.0062145385525711715
13-07-2016 17:45,13.834,-0.010999224716864896
13-07-2016 18:00,13.858,-0.01981830393065861
13-07-2016 18:15,13.714,0.008430377758846976
13-07-2016 18:30,13.762,0.0010550903720312284
13-07-2016 18:45,13.618,0.006086814537464297
13-07-2016 19:00,13.642,0.006751419795965639
13-07-2016 19:15,13.618,0.016615380766403235
13-07-2016 19:30,13.473,0.01764141549210237
13-07-2016 19:45,13.473,0.01301495420844301
13-07-2016 20:00,13.329,0.0370695978247452
13-07-2016 20:15,13.329,0.03416772901929109
13-07-2016 20:30,13.329,0.025851628307436376
13-07-2016 20:45,13.161,0.04282921495337391
13-07-2016 21:00,13.233,0.02832522638426959
13-07-2016 21:15,13.137,0.017401299834793306
13-07-2016 21:30,13.064,0.2331481621715808
13-07-2016 21:45,13.088,0.18096151886390005
13-07-2016 22:00,12.968,0.17326290930716126
13-07-2016 22:15,12.896,0.15388115368876543
13-07-2016 22:30,12.847,0.14531323028837828
13-07-2016 22:45,12.799,0.14963536434666028
13-07-2016 23:00,12.847,0.13143462827311345
13-07-2016 23:15,12.654,0.14548367674867882
13-07-2016 23:30,12.703,0.12963539245319747
13-07-2016 23:45,12.654,0.11067375497538809
14-07-2016 00:00,12.509,0.12534071544646663
14-07-2016 00:15,12.534,0.09082104107208083
14-07-2016 00:30,12.413,0.13410963831414208
14-07-2016 00:45,12.413,0.1623830306473977
14-07-2016 01:00,12.268,0.14073083595184793
14-07-2016 01:15,12.34,0.14923423823104662
14-07-2016 01:30,12.389,0.14590585025777522
14-07-2016 01:45,12.171,0.14344926423474724
14-07-2016 02:00,12.195,0.1294245234908628
14-07-2016 02:15,12.219,0.12029233892663872
14-07-2016 02:30,12.05,0.11836148796628239
14-07-2016 02:45,12.171,0.11534554785265434
14-07-2016 03:00,12.025,0.098173172833243
14-07-2016 03:15,12.025,0.1077540944280903
14-07-2016 03:30,12.025,0.08256940461093566
14-07-2016 03:45,11.977,0.08394199790268518
14-07-2016 04:00,12.074,0.08285233392483544
14-07-2016 04:15,11.88,0.07260318753745361
14-07-2016 04:30,11.929,0.09297058076724822
14-07-2016 04:45,12.001,0.07278436976210509
14-07-2016 05:00,11.832,0.07731705359470618
14-07-2016 05:15,11.977,0.05411353417174751
14-07-2016 05:30,11.856,0.04977726340714873
14-07-2016 05:45,11.904,0.0839457571962346
14-07-2016 06:00,11.856,0.05659860896965018
14-07-2016 06:15,12.001,0.04567547294362466
14-07-2016 06:30,12.122,0.016312874072635545
14-07-2016 06:45,11.977,0.027564944837300556
14-07-2016 07:00,12.074,0.010644089320359474
14-07-2016 07:15,12.098,0.006158590010051785
14-07-2016 07:30,12.025,0.029949308672648653
14-07-2016 07:45,12.147,-0.005757563157284635
14-07-2016 08:00,12.05,-0.0020253766252591155
14-07-2016 08:15,12.171,-0.0009708216541183194
14-07-2016 08:30,12.219,-0.0175037636456
14-07-2016 08:45,12.171,-0.016151661479228738
14-07-2016 09:00,12.461,-0.034870487287824325
14-07-2016 09:15,12.268,-0.023967864894479694
14-07-2016 09:30,12.268,-0.005307316745250207
14-07-2016 09:45,12.364,-0.023218668193913414
14-07-2016 10:00,12.461,-0.027697799254066204
14-07-2016 10:15,12.558,-0.04797009627420908
14-07-2016 10:30,12.727,-0.06348507048287089
14-07-2016 10:45,12.775,-0.06735399288601246
14-07-2016 11:00,12.847,-0.06441732270108494
14-07-2016 11:15,12.871,-0.06560767048198239
14-07-2016 11:30,13.016,-0.08160225131101614
14-07-2016 11:45,13.233,-0.09157122660861616
14-07-2016 12:00,13.401,-0.11860072131191296
14-07-2016 12:15,13.546,-0.11965316153828383
14-07-2016 12:30,13.666,-0.12771338836544952
14-07-2016 12:45,13.738,-0.12693975325985069
14-07-2016 13:00,13.786,-0.13399804246852662
14-07-2016 13:15,13.738,-0.12727139746788738
14-07-2016 13:30,13.666,-0.12044522972924025
14-07-2016 13:45,13.522,-0.08894642879654326
14-07-2016 14:00,13.401,-0.08110540979348853
14-07-2016 14:15,13.353,-0.07683982977662558
14-07-2016 14:30,13.353,-0.047780868158668714
14-07-2016 14:45,13.449,-0.0711218133395532
14-07-2016 15:00,13.57,-0.07220927028299934
14-07-2016 15:15,13.642,-0.09997030941846854
14-07-2016 15:30,13.738,-0.10339604394420711
14-07-2016 15:45,13.834,-0.11133680319994019
14-07-2016 16:00,13.906,-0.10168234547159521
14-07-2016 16:15,13.93,-0.09784112003435164
14-07-2016 16:30,13.906,-0.08522152356128515
14-07-2016 16:45,13.882,-0.08464414202621001
14-07-2016 17:00,13.858,-0.06481367658822897
14-07-2016 17:15,13.81,-0.0641622822664671
14-07-2016 17:30,13.786,-0.06344960086188112
14-07-2016 17:45,13.738,-0.051046557910766975
14-07-2016 18:00,13.714,-0.04068433776463408
14-07-2016 18:15,13.69,-0.040744359747592544
14-07-2016 18:30,13.69,-0.03785716513068468
14-07-2016 18:45,13.666,-0.0366677047660063
14-07-2016 19:00,13.642,-0.0350750023576129
14-07-2016 19:15,13.618,-0.023063637130447377
14-07-2016 19:30,13.57,-0.05118963800183977
14-07-2016 19:45,13.546,-0.02506032000519873
14-07-2016 20:00,13.473,-0.02490819378619899
14-07-2016 20:15,13.425,-0.022283714371009976
14-07-2016 20:30,13.353,-0.014734383044866396
14-07-2016 20:45,13.329,-0.0218192579283656
14-07-2016 21:00,13.233,-0.007768290954938565
14-07-2016 21:15,13.161,0.0008005006022634867
14-07-2016 21:30,13.088,-0.006168230419443633
14-07-2016 21:45,13.016,0.005133954218577708
14-07-2016 22:00,12.944,0.012580951239648468
14-07-2016 22:15,12.896,0.0036655223039023578
14-07-2016 22:30,12.847,0.016348296546502737
14-07-2016 22:45,12.799,0.01388204550979254
14-07-2016 23:00,12.751,0.002956716470965163
14-07-2016 23:15,12.703,0.02822650994661539
14-07-2016 23:30,12.654,0.022898315327153383
14-07-2016 23:45,12.606,0.023711571776267915
15-07-2016 00:00,12.582,0.03068874324908606
15-07-2016 00:15,12.534,0.02290620757918948
15-07-2016 00:30,12.509,0.02170427699462191
15-07-2016 00:45,12.485,0.024559510546196393
15-07-2016 01:00,12.437,0.02016653586400095
15-07-2016 01:15,12.413,0.024036042183030137
15-07-2016 01:30,12.364,0.030262029476353293
15-07-2016 01:45,12.316,0.009670732289086204
15-07-2016 02:00,12.292,0.012375382603406227
15-07-2016 02:15,12.268,0.044613173360173466
15-07-2016 02:30,12.219,0.06420340624435572
15-07-2016 02:45,12.195,0.06119192856026617
15-07-2016 03:00,12.147,0.0647463452290185
15-07-2016 03:15,12.122,0.06741984616506891
15-07-2016 03:30,12.074,0.07041792360194964
15-07-2016 03:45,12.025,0.06040957639267662
15-07-2016 04:00,11.977,0.0599485677163444
15-07-2016 04:15,11.929,0.05109336945736227
15-07-2016 04:30,11.904,0.036795363155253315
15-07-2016 04:45,11.856,0.026624026400290324
15-07-2016 05:00,11.832,0.04609901442080713
15-07-2016 05:15,11.807,0.02339528932414312
15-07-2016 05:30,11.783,0.021150150058573264
15-07-2016 05:45,11.783,0.010171847421773407
15-07-2016 06:00,11.807,0.007584290563374279
15-07-2016 06:15,11.832,0.006693187334736671
15-07-2016 06:30,11.856,-0.0008362917767174657
15-07-2016 06:45,11.904,-0.01957862051683204
16-07-2016 00:00,12.92,0.0007028069014530878
16-07-2016 00:15,12.944,-0.01543778115371154
16-07-2016 00:30,12.847,-0.011588047565540736
16-07-2016 00:45,12.775,-0.01974392954659298
16-07-2016 01:00,12.775,-0.018975229838806517
16-07-2016 01:15,12.823,0.15100307814685618
16-07-2016 01:30,12.823,0.10020457915080026
16-07-2016 01:45,12.678,0.12242041309172962
16-07-2016 02:00,12.751,0.0915314692905007
16-07-2016 02:15,12.823,0.04155899498897827
16-07-2016 02:30,12.606,0.04610586893969831
16-07-2016 02:45,12.654,0.05271384979102695
16-07-2016 03:00,12.703,0.030645623396699663
16-07-2016 03:15,12.678,0.0011279229252937632
16-07-2016 03:30,12.606,0.023034908061030052
16-07-2016 03:45,12.63,0.019718133005859187
16-07-2016 04:00,12.678,-0.002227229700636905
16-07-2016 04:15,12.703,-0.021548984961570608
16-07-2016 04:30,12.558,0.0246272227368712
16-07-2016 04:45,12.63,-0.005226351049977522
16-07-2016 05:00,12.703,-0.03411794822631535
16-07-2016 05:15,12.534,0.0020000438391239586
16-07-2016 05:30,12.582,-0.007868036986634953
16-07-2016 05:45,12.654,-0.024685647222710903
16-07-2016 06:00,12.678,-0.030997974192407685
16-07-2016 06:15,12.606,-0.03687560821518303
16-07-2016 06:30,12.63,-0.041714244855128826
16-07-2016 06:45,12.727,-0.050548514134868994
16-07-2016 07:00,12.775,-0.04430780300498023
16-07-2016 07:15,12.63,-0.03275115658209556
16-07-2016 07:30,12.703,-0.045524830564954384
16-07-2016 07:45,12.775,-0.06406739567044493
17-07-2016 06:45,12.992,-0.048179008392026455
17-07-2016 07:00,13.137,-0.06861725757976725
17-07-2016 07:15,13.112,-0.07415977466187608
17-07-2016 07:30,13.233,-0.07618415164789595
17-07-2016 07:45,13.305,-0.07572363521962781
17-07-2016 08:00,13.449,-0.12318325480481926
17-07-2016 08:15,13.497,-0.12064225102263329
17-07-2016 08:30,13.69,-0.1212980837466133
17-07-2016 08:45,13.738,-0.14465951135856303
17-07-2016 09:00,13.954,-0.1628732979128084
17-07-2016 09:15,13.954,-0.15503632864037928
17-07-2016 09:30,14.194,-0.156604861300566
17-07-2016 09:45,14.266,-0.17426902554651577
17-07-2016 10:00,14.457,-0.173924157776301
17-07-2016 10:15,14.529,-0.18463276244089827
17-07-2016 10:30,14.721,-0.18569860515460737
17-07-2016 10:45,14.864,-0.2073654404941036
17-07-2016 11:00,14.912,-0.19290794235843517
17-07-2016 11:15,15.103,-0.20847468914703773
17-07-2016 11:30,15.151,-0.21595341436623677
17-07-2016 11:45,15.318,-0.19505327975824205
17-07-2016 12:00,15.366,-0.2232373925730011
17-07-2016 12:15,15.485,-0.214336943793243
17-07-2016 12:30,15.581,-0.2231389968333903
17-07-2016 12:45,15.652,-0.16030230878319196
17-07-2016 13:00,15.748,-0.1748206388348749
17-07-2016 13:15,15.796,-0.16532690671577305
17-07-2016 13:30,15.891,-0.18265471691202664
17-07-2016 13:45,15.843,-0.17898938780783616
17-07-2016 14:00,15.819,-0.17462891673416295
17-07-2016 14:15,15.796,-0.1879486833458185
17-07-2016 14:30,15.891,-0.16958554276697346
17-07-2016 14:45,15.867,-0.1752910962294174
17-07-2016 15:00,15.939,-0.1835545022987242
17-07-2016 15:15,15.963,-0.1920148835242167
17-07-2016 15:30,16.01,-0.17596787074602083
17-07-2016 15:45,15.963,-0.17893882500453728
17-07-2016 16:00,16.01,-0.17109917991259774
17-07-2016 16:15,15.986,-0.19643824569815668
17-07-2016 16:30,15.986,-0.1784568732298938
17-07-2016 16:45,15.986,-0.18271774260068008
17-07-2016 17:00,15.986,-0.17248118711221488
17-07-2016 17:15,16.01,-0.18360556913004547
17-07-2016 17:30,15.939,-0.18239625335714219
17-07-2016 17:45,15.891,-0.166632936192754
17-07-2016 18:00,15.963,-0.19297449816731016
17-07-2016 18:15,15.843,-0.17950837253598906
17-07-2016 18:30,15.915,-0.17674434298473063
17-07-2016 18:45,15.748,-0.1771867403763877
17-07-2016 19:00,15.748,-0.17539750950421523
17-07-2016 19:15,15.581,-0.1687881916866077
17-07-2016 19:30,15.581,-0.16076546312546913
17-07-2016 19:45,15.509,-0.1644948186187305
17-07-2016 20:00,15.39,-0.15781971002543532
17-07-2016 20:15,15.342,-0.15354677997719018
17-07-2016 20:30,15.199,-0.13429961930471615
17-07-2016 20:45,15.175,-0.15161961665421517
17-07-2016 21:00,14.96,-0.13191947681562918
17-07-2016 21:15,15.031,-0.1331433757275974
17-07-2016 21:30,14.768,-0.12084034134043661
17-07-2016 21:45,14.792,-0.13946335110058325
17-07-2016 22:00,14.577,-0.1461120823318069
17-07-2016 22:15,14.649,-0.0918377707722317
17-07-2016 22:30,14.409,-0.06237597439539215
17-07-2016 22:45,14.457,-0.052951041552654565
17-07-2016 23:00,14.29,-0.07573941201075109
17-07-2016 23:15,14.29,-0.058144271368805324
17-07-2016 23:30,14.122,-0.06811332775591265
17-07-2016 23:45,14.146,-0.0681298892847175
18-07-2016 00:00,14.146,-0.09095999136585001
18-07-2016 00:15,14.026,-0.06699953846384957
18-07-2016 00:30,13.882,-0.07126689635355697
18-07-2016 00:45,14.002,-0.08260810443394224
18-07-2016 01:00,13.81,-0.0765606529125955
18-07-2016 01:15,13.954,-0.10088265557785075
18-07-2016 01:30,13.762,-0.09405396376327728
18-07-2016 01:45,13.858,0.05433744581744354
18-07-2016 02:00,13.666,0.0798871910392087
18-07-2016 02:15,13.762,0.048293795578042344
18-07-2016 02:30,13.666,0.04422784314941961
18-07-2016 02:45,13.546,0.03363181907240836
18-07-2016 03:00,13.594,0.03797274867981315
18-07-2016 03:15,13.497,0.036485902869584426
18-07-2016 03:30,13.522,0.019409338246386725
18-07-2016 03:45,13.449,0.0032124102466903675
18-07-2016 04:00,13.449,0.03188857073126147
18-07-2016 04:15,13.329,0.009227861306546901
18-07-2016 04:30,13.497,-0.006761515413624236
18-07-2016 04:45,13.305,0.012476672100328247
18-07-2016 05:00,13.425,-0.003770693587524427
18-07-2016 05:15,13.281,0.022792615162043728
18-07-2016 05:30,13.353,-0.009619343291237299
18-07-2016 05:45,13.329,-0.011587686605994695
18-07-2016 06:00,13.233,-0.012331348040848495
18-07-2016 06:15,13.353,0.126198632949415
18-07-2016 06:30,13.329,0.08093152753897641
18-07-2016 06:45,13.425,0.12555076667494397
18-07-2016 07:00,13.425,0.08282674840611395
18-07-2016 07:15,13.57,0.07029542627659777
18-07-2016 07:30,13.762,0.049027852827165104
18-07-2016 07:45,13.714,0.04667484327887343
18-07-2016 08:00,13.882,0.02862515800400021
18-07-2016 08:15,13.93,0.012066890943702582
18-07-2016 08:30,14.146,-0.019010301873700737
18-07-2016 08:45,14.146,0.0005342756125243509
18-07-2016 09:00,14.409,-0.0411177565433791
18-07-2016 09:15,14.433,-0.03637232055736464
18-07-2016 09:30,14.673,-0.05114936797033144
18-07-2016 09:45,14.768,-0.09041716082333455
18-07-2016 10:00,14.912,-0.05129591960314309
18-07-2016 10:15,15.008,-0.06330872934276141
18-07-2016 10:30,15.127,-0.08255668037290542
18-07-2016 10:45,15.318,-0.09939156069648208
18-07-2016 11:00,15.342,-0.09820427195278401
18-07-2016 11:15,15.557,-0.13875119428520571
18-07-2016 11:30,15.581,-0.0657148264308135
18-07-2016 11:45,15.676,-0.10342612635023929
18-07-2016 12:00,15.819,-0.10496405488301633
18-07-2016 12:15,15.819,-0.08179883994556203
18-07-2016 12:30,15.867,-0.11932061159212107
18-07-2016 12:45,15.986,-0.11814941416727152
18-07-2016 13:00,16.058,-0.1272453786669784
18-07-2016 13:15,16.106,-0.15033847772585196
18-07-2016 13:30,16.225,-0.14685258583513605
18-07-2016 13:45,16.177,-0.14205690281698805
18-07-2016 14:00,16.153,-0.147872162282003
18-07-2016 14:15,16.201,-0.1320949396710981
18-07-2016 14:30,16.153,-0.14957621393447038
18-07-2016 14:45,16.225,-0.1537537752621375
18-07-2016 15:00,16.201,-0.1586154229001018
18-07-2016 15:15,16.296,-0.18064142849529385
18-07-2016 15:30,16.225,-0.16624924962010632
18-07-2016 15:45,16.344,-0.1755984000562632
18-07-2016 16:00,16.272,-0.1740117382596521
18-07-2016 16:15,16.344,-0.19202042857896456
18-07-2016 16:30,16.296,-0.1747735920659068
18-07-2016 16:45,16.249,-0.19979268071732342
18-07-2016 17:00,16.296,-0.20727198484680376
18-07-2016 17:15,16.225,-0.18362674138898813
18-07-2016 17:30,16.296,-0.19580304126991335
18-07-2016 17:45,16.201,-0.17522089196220875
18-07-2016 18:00,16.249,-0.2029441278959581
18-07-2016 18:15,16.129,-0.19244643592015787
18-07-2016 18:30,16.129,-0.18684290317319668
18-07-2016 18:45,16.01,-0.18093004325079748
18-07-2016 19:00,16.034,-0.1973838822405336
18-07-2016 19:15,15.891,-0.19142762097023777
18-07-2016 19:30,15.772,-0.18539172732824663
18-07-2016 19:45,15.772,-0.18918360717393334
18-07-2016 20:00,15.748,-0.20126459436116437
18-07-2016 20:15,15.533,-0.16961072093720192
18-07-2016 20:30,15.485,-0.17942207927223855
18-07-2016 20:45,15.294,-0.17881927316947885
18-07-2016 21:00,15.294,-0.18205947411608897
18-07-2016 21:15,15.103,-0.18450971135636873
18-07-2016 21:30,15.127,-0.16237282111184026
18-07-2016 21:45,15.103,-0.17768089580051466
18-07-2016 22:00,14.84,-0.1346155359615783
18-07-2016 22:15,14.697,-0.15218555099831768
18-07-2016 22:30,14.768,-0.16474943491177446
18-07-2016 22:45,14.577,-0.14690470584359347
18-07-2016 23:00,14.601,-0.1566001629394566
18-07-2016 23:15,14.529,-0.16284022526245648
18-07-2016 23:30,14.409,-0.15345589258343464
18-07-2016 23:45,14.266,-0.14346143572042017
19-07-2016 00:00,14.361,-0.1542948012396107
19-07-2016 00:15,14.17,-0.1418040542522635
19-07-2016 00:30,14.218,-0.14555030414405962
19-07-2016 00:45,14.218,-0.13324813074853584
19-07-2016 01:00,14.002,-0.14306497226178763
19-07-2016 01:15,13.882,-0.12960935405320476
19-07-2016 01:30,13.906,-0.14500813888476133
19-07-2016 01:45,13.858,-0.14857358830879427
19-07-2016 02:00,13.738,-0.10818140534693112
19-07-2016 02:15,13.786,-0.10957383177448957
19-07-2016 02:30,13.642,-0.1130586751126566
19-07-2016 02:45,13.762,-0.11400164251406142
19-07-2016 03:00,13.618,-0.09500102023010716
19-07-2016 03:15,13.666,-0.11905547700503295
19-07-2016 03:30,13.546,-0.10347426848658924
19-07-2016 03:45,13.473,-0.09939036838653773
19-07-2016 04:00,13.546,-0.10212203939054941
19-07-2016 04:15,13.401,-0.11874253197439824
19-07-2016 04:30,13.473,-0.10498548147358244
19-07-2016 04:45,13.329,-0.09344434868037263
19-07-2016 05:00,13.401,-0.10456832135295943
19-07-2016 05:15,13.329,-0.09115813472545621
19-07-2016 05:30,13.449,-0.08919960849955151
19-07-2016 05:45,13.329,-0.05740578179607971
19-07-2016 06:00,13.281,-0.05433077707361689
19-07-2016 06:15,13.425,-0.06818457713015932
19-07-2016 06:30,13.522,-0.08002346201488882
19-07-2016 06:45,13.497,-0.08159018669428958
19-07-2016 07:00,13.497,-0.06898548054229091
19-07-2016 07:15,13.738,-0.09670930686660158
19-07-2016 07:30,13.762,-0.10052604660294764
19-07-2016 07:45,13.978,-0.11635462669610983
19-07-2016 08:00,14.098,-0.12363768891823798
19-07-2016 08:15,14.361,-0.14467260617762553
19-07-2016 08:30,14.409,-0.14812684389267122
19-07-2016 08:45,14.601,-0.15326316777917323
19-07-2016 09:00,14.673,-0.17538864375524776
19-07-2016 09:15,14.816,-0.14795000409247153
19-07-2016 09:30,14.936,-0.16539870402027282
19-07-2016 09:45,15.127,-0.18380741252182875
19-07-2016 10:00,15.318,-0.18907549544359806
19-07-2016 10:15,15.509,-0.20750208793765496
19-07-2016 10:30,15.605,-0.20705308347961304
19-07-2016 10:45,15.676,-0.20812274257978217
19-07-2016 11:00,15.891,-0.21303541365191223
19-07-2016 11:15,15.963,-0.21082902461125963
19-07-2016 11:30,16.106,-0.22424560979433772
19-07-2016 11:45,16.177,-0.22545807252429353
19-07-2016 12:00,16.249,-0.22608630173561234
19-07-2016 12:15,16.392,-0.23190586600683058
19-07-2016 12:30,16.463,-0.24346934809972878
19-07-2016 12:45,16.534,-0.237747821626302
19-07-2016 13:00,16.582,-0.2427335566276999
19-07-2016 13:15,16.606,-0.23837474632748964
19-07-2016 13:30,16.63,-0.24343122314827373
19-07-2016 13:45,16.677,-0.22406751138920541
19-07-2016 14:00,16.677,-0.23501979655516897
19-07-2016 14:15,16.725,-0.2411200302563415
19-07-2016 14:30,16.725,-0.23244432450675934
19-07-2016 14:45,16.773,-0.25187351757495235
19-07-2016 15:00,16.796,-0.23894218386589733
19-07-2016 15:15,16.773,-0.26086599457379867
19-07-2016 15:30,16.796,-0.2520068836510191
19-07-2016 15:45,16.796,-0.24246460475863288
19-07-2016 16:00,16.82,-0.25765409678324436
19-07-2016 16:15,16.82,-0.2625309254216937
19-07-2016 21:15,15.485,-0.13317198486590834
19-07-2016 21:30,15.39,-0.1282871486894226
19-07-2016 21:45,15.294,-0.12929752524591906
19-07-2016 22:00,15.199,-0.1445463450518903
19-07-2016 22:15,15.127,-0.14350495408667935
19-07-2016 22:30,15.055,-0.13078061219410575
19-07-2016 22:45,14.984,-0.13765741746953036
19-07-2016 23:00,14.912,-0.12655364094291893
19-07-2016 23:15,14.864,-0.13374818471535777
19-07-2016 23:30,14.816,-0.15714859239461795
19-07-2016 23:45,14.745,-0.1429211230548657
20-07-2016 00:00,14.673,-0.1582272729305076
20-07-2016 00:15,14.601,-0.14795861382611677
20-07-2016 00:30,14.529,-0.1542464728504726
20-07-2016 00:45,14.481,-0.13322878804316868
20-07-2016 01:00,14.433,-0.15295638147797425
20-07-2016 01:15,14.361,-0.1633466283646603
20-07-2016 01:30,14.29,-0.16185848198784933
20-07-2016 01:45,14.242,-0.1668164160679739
20-07-2016 02:00,14.194,-0.1632095941690512
20-07-2016 02:15,14.146,-0.16480519810187644
20-07-2016 02:30,14.122,-0.159877017969485
20-07-2016 02:45,14.098,-0.1705740012109727
20-07-2016 03:00,14.05,-0.17560656333931868
20-07-2016 03:15,14.05,-0.16572658136688878
20-07-2016 03:30,14.002,-0.17065279384505813
20-07-2016 03:45,13.978,-0.17571031346308122
20-07-2016 04:00,13.954,-0.1621236294268272
20-07-2016 04:15,13.93,-0.1653784596035164
20-07-2016 04:30,13.906,-0.15918355340529383
20-07-2016 04:45,13.882,-0.171074907170774
20-07-2016 05:00,13.858,-0.1601585184693934
20-07-2016 05:15,13.834,-0.16191137106825268
20-07-2016 05:30,13.81,-0.1659105026697886
20-07-2016 05:45,13.81,-0.16336474604827042
20-07-2016 06:00,13.834,-0.17640759806003403
20-07-2016 06:15,13.858,-0.16165208841185802
20-07-2016 06:30,13.906,-0.18212639098843506
20-07-2016 06:45,13.93,-0.1877894817991788
20-07-2016 07:00,14.002,-0.18609483322662113
20-07-2016 07:15,14.074,-0.1917150139052341
20-07-2016 07:30,14.17,-0.21006819710794994
20-07-2016 07:45,14.337,-0.20605090199810616
20-07-2016 08:00,14.361,-0.21036856041443583
20-07-2016 08:15,14.553,-0.2047754056023717
20-07-2016 08:30,14.697,-0.22581968725183238
20-07-2016 08:45,14.912,-0.2487695476760082
20-07-2016 09:00,14.912,-0.2338613313590676
20-07-2016 09:15,15.127,-0.24078379769960293
20-07-2016 09:30,15.223,-0.25653710320276213
20-07-2016 09:45,15.318,-0.23510648127322178
20-07-2016 10:00,15.509,-0.2690840567866116
20-07-2016 10:15,15.581,-0.2618496102484595
20-07-2016 10:30,15.724,-0.2562400965716855
20-07-2016 10:45,15.819,-0.27034302063885546
20-07-2016 11:00,15.7,-0.23462061162602238
20-07-2016 11:15,15.7,-0.2472806318024014
20-07-2016 11:30,15.557,-0.24848820374913583
20-07-2016 11:45,15.629,-0.22956643859394613
20-07-2016 12:00,15.676,-0.22916074410813614
20-07-2016 12:15,15.557,-0.19735091550141481
20-07-2016 12:30,15.629,-0.20433177934363875
20-07-2016 12:45,15.652,-0.2006915809200379
20-07-2016 13:00,15.557,-0.17440514865128645
20-07-2016 13:15,15.652,-0.18361844498925076
20-07-2016 13:30,15.676,-0.18686998545095249
20-07-2016 13:45,15.605,-0.1808525250986561
20-07-2016 14:00,15.748,-0.16985476072342254
20-07-2016 14:15,15.748,-0.1847210855063465
20-07-2016 14:30,15.724,-0.17983631269917036
20-07-2016 14:45,15.724,-0.17937900099351936
20-07-2016 15:00,15.7,-0.16712356832204633
20-07-2016 15:15,15.652,-0.16769778509479358
20-07-2016 15:30,15.7,-0.17389449557494926
20-07-2016 15:45,15.7,-0.1620593796491714
20-07-2016 16:00,15.7,-0.16137666158179936
20-07-2016 16:15,15.629,-0.16315201438347499
20-07-2016 16:30,15.676,-0.1596660654864169
20-07-2016 16:45,15.7,-0.16568381032777052
20-07-2016 17:00,15.581,-0.1483304002455034
20-07-2016 17:15,15.652,-0.15904074882121697
20-07-2016 17:30,15.652,-0.1475610761321005
20-07-2016 17:45,15.509,-0.1348178015423714
20-07-2016 18:00,15.557,-0.1430169327163155
20-07-2016 18:15,15.533,-0.14819380180237338
20-07-2016 18:30,15.414,-0.12865761663230618
20-07-2016 18:45,15.366,-0.14142619835017667
20-07-2016 19:00,15.342,-0.13433479370595858
20-07-2016 19:15,15.342,-0.12533841833143233
20-07-2016 19:30,15.199,-0.12877095648153458
20-07-2016 19:45,15.103,-0.12313968759470803
20-07-2016 20:00,15.127,-0.1271373500289286
20-07-2016 20:15,14.936,-0.1068537312845062
20-07-2016 20:30,15.008,-0.1411000419131114
20-07-2016 20:45,15.008,-0.15506202638298705
20-07-2016 21:00,14.816,-0.13840672763561987
20-07-2016 21:15,14.792,-0.14083840578644766
20-07-2016 21:30,14.768,-0.12994501121167337
20-07-2016 21:45,14.816,-0.14862912133043293
20-07-2016 22:00,14.649,-0.14039950667244327
20-07-2016 22:15,14.697,-0.1461166905650837
20-07-2016 22:30,14.697,-0.15935116294241544
20-07-2016 22:45,14.577,-0.15177203533421832
20-07-2016 23:00,14.601,-0.17776791577785359
20-07-2016 23:15,14.625,-0.11474859434097558
20-07-2016 23:30,14.529,-0.10641309293396893
20-07-2016 23:45,14.481,-0.1220916421353178
21-07-2016 00:00,14.433,-0.1250893995223105
21-07-2016 00:15,14.481,-0.147012373940754
21-07-2016 00:30,14.314,-0.11552699089946394
21-07-2016 00:45,14.361,-0.14122292381351842
21-07-2016 01:00,14.361,-0.16006002138082898
21-07-2016 01:15,14.218,-0.12286242451862668
21-07-2016 01:30,14.218,-0.15581272691726467
21-07-2016 01:45,14.194,-0.1459517310834874
21-07-2016 02:00,14.194,-0.13871150576290286
21-07-2016 02:15,14.05,-0.13049765570020785
21-07-2016 02:30,14.146,-0.1371896914907071
21-07-2016 02:45,14.17,-0.1524276625090123
21-07-2016 03:00,14.05,-0.15164235841530743
21-07-2016 03:15,14.098,-0.15705292333976123
21-07-2016 03:30,13.954,-0.1393908689926521
21-07-2016 03:45,14.026,-0.16002290828035326
21-07-2016 04:00,13.906,-0.1392013322745911
21-07-2016 06:00,13.858,0.16502150516842296
21-07-2016 06:15,13.81,0.15480906760747368
21-07-2016 06:30,13.858,0.12036160838210454
21-07-2016 06:45,13.882,0.10999086724259467
21-07-2016 07:00,14.002,0.07453839265559017
21-07-2016 07:15,13.906,0.09926923077085882
21-07-2016 07:30,14.05,0.06398860997855908
21-07-2016 07:45,14.146,0.03309412493242343
21-07-2016 08:00,14.098,0.061999019429878545
21-07-2016 08:15,14.29,0.014993118836677307
21-07-2016 08:30,14.385,0.005679764918606225
21-07-2016 08:45,14.361,0.0006332837384391745
21-07-2016 09:00,14.481,0.014289889002498269
21-07-2016 09:15,14.553,-0.012836190771519597
21-07-2016 09:30,14.625,-0.02351772674824153
21-07-2016 09:45,14.673,-0.0336746080653186
21-07-2016 10:00,14.768,-0.02571628469526128
21-07-2016 10:15,14.84,-0.04313851317169964
21-07-2016 10:30,14.816,-0.04764170311439808
21-07-2016 10:45,14.912,-0.07409308937187864
21-07-2016 11:00,15.031,-0.054563001846481565
21-07-2016 11:15,15.103,-0.04634014216790292
21-07-2016 11:30,15.294,-0.07223314495224475
21-07-2016 11:45,15.485,-0.07310066641493194
21-07-2016 12:00,15.533,-0.07583625188937462
21-07-2016 12:15,15.652,-0.07690243803233127
21-07-2016 12:30,15.748,-0.0889344287509014
21-07-2016 12:45,15.7,-0.08035458248862287
21-07-2016 13:00,15.772,-0.09390602520226679
21-07-2016 13:15,15.772,-0.07637192118908903
21-07-2016 13:30,15.676,-0.07580936169387814
21-07-2016 13:45,15.724,-0.07110632167358105
21-07-2016 14:00,15.748,-0.07875006041866325
21-07-2016 14:15,15.652,-0.07838167803393388
21-07-2016 14:30,15.676,-0.06143358231044498
21-07-2016 14:45,15.724,-0.05891616422677727
21-07-2016 15:00,15.724,-0.05419716851983297
21-07-2016 15:15,15.724,-0.07439294335704769
21-07-2016 15:30,15.819,-0.07057085281367845
21-07-2016 15:45,15.772,-0.0659328911918271
21-07-2016 16:00,15.796,-0.05193831793951505
21-07-2016 16:15,15.772,-0.04456351645278886
21-07-2016 16:30,15.676,-0.04509643351631894
21-07-2016 16:45,15.652,-0.049642728964174536
21-07-2016 17:00,15.676,-0.03860528535079405
21-07-2016 17:15,15.557,-0.043480225386935425
21-07-2016 17:30,15.509,-0.027327306334653845
21-07-2016 17:45,15.39,-0.01825368176446564
21-07-2016 18:00,15.438,-0.031456504511382044
21-07-2016 18:15,15.294,-0.026813204933229483
21-07-2016 18:30,15.366,-0.04688923499588745
21-07-2016 18:45,15.366,-0.03269793339747196
21-07-2016 19:00,15.223,-0.024377408488406214
21-07-2016 19:15,15.127,-0.023388142134519063
21-07-2016 19:30,15.175,-0.04132046369618831
21-07-2016 19:45,15.055,-0.044656286039613
21-07-2016 20:00,15.055,-0.03142388585826414
21-07-2016 20:15,14.912,-0.03735319888934784
21-07-2016 20:30,14.96,-0.04415043057699665
21-07-2016 20:45,14.816,-0.03922611067799699
21-07-2016 21:00,14.864,-0.04056270217702442
21-07-2016 21:15,14.792,-0.0451044881671634
21-07-2016 21:30,14.745,-0.052268988307823734
21-07-2016 21:45,14.649,-0.06128290417172525
21-07-2016 22:00,14.649,-0.05610938124620802
21-07-2016 22:15,14.529,-0.054892952498591045
21-07-2016 22:30,14.481,-0.0695282937337561
21-07-2016 22:45,14.529,-0.08160321254559891
21-07-2016 23:00,14.481,-0.08919603097745514
21-07-2016 23:15,14.553,-0.09833731570699666
21-07-2016 23:30,14.385,-0.09391335549672027
21-07-2016 23:45,14.457,-0.12342647889672077
22-07-2016 00:00,14.457,-0.11411461518354715
22-07-2016 00:15,14.266,-0.09905348696199912
22-07-2016 00:30,14.146,-0.12346966802054644
22-07-2016 00:45,14.218,-0.11206786875435697
22-07-2016 01:00,14.074,-0.10615426602997893
22-07-2016 01:15,14.17,-0.12277565976199036
22-07-2016 01:30,14.026,-0.12275079681781273
22-07-2016 01:45,13.93,-0.13289017840041464
22-07-2016 02:00,14.026,-0.1380231923550376
22-07-2016 02:15,14.098,-0.14834738380031418
22-07-2016 02:30,13.906,-0.14156562417497576
22-07-2016 02:45,13.81,-0.14651938149403695
22-07-2016 03:00,13.906,-0.16141734003808486
22-07-2016 03:15,13.762,-0.14411784069068512
22-07-2016 03:30,13.81,-0.16137697010865504
22-07-2016 03:45,13.738,-0.13459986796562198
22-07-2016 04:00,13.618,-0.14804242433610196
22-07-2016 04:15,13.762,-0.1667250645419911
22-07-2016 04:30,13.618,-0.15655180757373494
22-07-2016 04:45,13.738,-0.18084225748862864
22-07-2016 05:00,13.594,-0.16289442592067355
22-07-2016 05:15,13.714,-0.18483128308010321
22-07-2016 05:30,13.618,-0.159888487844614
22-07-2016 05:45,13.642,-0.17038504900611015
22-07-2016 06:00,13.642,-0.14968703262813643
22-07-2016 06:15,13.594,-0.131630103359215
22-07-2016 06:30,13.738,-0.12642177513403072
22-07-2016 06:45,13.666,-0.1478351649531861
22-07-2016 07:00,13.834,-0.1716273776250487
22-07-2016 07:15,13.738,-0.16743115239446082
22-07-2016 07:30,13.882,-0.15812413407475812
22-07-2016 07:45,13.81,-0.15545433149273427
22-07-2016 08:00,13.954,-0.1594201805776749
22-07-2016 08:15,13.858,-0.1613137245630153
22-07-2016 08:30,13.858,-0.1608081107863843
22-07-2016 08:45,14.026,-0.18833190179385678
22-07-2016 09:00,14.026,-0.1640914001423238
22-07-2016 09:15,14.026,-0.16015054903794798
22-07-2016 09:30,14.074,-0.16771628028906083
22-07-2016 09:45,14.026,-0.15231544115943862
22-07-2016 10:00,14.122,-0.15003691539813394
22-07-2016 10:15,14.05,-0.1457774752048784
22-07-2016 10:30,14.17,-0.16675392362982408
22-07-2016 10:45,14.218,-0.14394828113252645
22-07-2016 11:00,14.29,-0.14491168120453377
22-07-2016 11:15,14.266,-0.15060152371838134
22-07-2016 11:30,14.409,-0.13988756944609068
22-07-2016 11:45,14.433,-0.13729919892852313
22-07-2016 12:00,14.601,-0.1517845080962473
22-07-2016 12:15,14.601,-0.1619561093076236
22-07-2016 12:30,14.768,-0.14747836410483728
22-07-2016 12:45,14.745,-0.1588170479389441
22-07-2016 13:00,14.888,-0.14554211527454486
22-07-2016 13:15,14.84,-0.13516385254790958
22-07-2016 13:30,14.912,-0.13908081651187343
22-07-2016 13:45,14.888,-0.13581836984769013
22-07-2016 14:00,14.888,-0.1277820757906951
22-07-2016 14:15,14.936,-0.13832771488274764
22-07-2016 14:30,14.888,-0.13173047177013802
22-07-2016 14:45,14.984,-0.12695560281407314
22-07-2016 15:00,14.936,-0.1314019500887811
22-07-2016 15:15,14.984,-0.10601459193254131
22-07-2016 15:30,14.912,-0.11990224832325248
22-07-2016 15:45,14.96,-0.11396595416685185
22-07-2016 16:00,14.96,-0.1021654118145786
22-07-2016 16:15,15.031,-0.10691568275423227
22-07-2016 16:30,14.936,-0.09215693685279061
22-07-2016 16:45,14.888,-0.0847947067604933
22-07-2016 17:00,14.936,-0.07935740205943526
22-07-2016 17:15,14.84,-0.0969599590221165
22-07-2016 17:30,14.912,-0.07424922719326053
22-07-2016 17:45,14.792,-0.06585273736838818
22-07-2016 18:00,14.84,-0.06889291288154181
22-07-2016 18:15,14.697,-0.05242000174965792
22-07-2016 18:30,14.768,-0.07988131668969818
22-07-2016 18:45,14.673,-0.056474781826039024
22-07-2016 19:00,14.673,-0.0633213700831718
22-07-2016 19:15,14.649,-0.057956010545864564
22-07-2016 19:30,14.649,-0.05408676350373624
22-07-2016 19:45,14.505,-0.058129842461643405
22-07-2016 20:00,14.529,-0.06683488498195257
22-07-2016 20:15,14.457,-0.045378772072736835
22-07-2016 20:30,14.505,-0.08076688015835216
22-07-2016 20:45,14.361,-0.05725779068712952
22-07-2016 21:00,14.385,-0.06921816747501315
22-07-2016 21:15,14.314,-0.07848368567153265
22-07-2016 21:30,14.385,-0.09565895848800131
22-07-2016 21:45,14.218,-0.08769443280428485
22-07-2016 22:00,14.17,-0.09220496066650785
22-07-2016 22:15,14.194,-0.09000733495935256
22-07-2016 22:30,14.218,-0.1153863580899094
22-07-2016 22:45,14.098,-0.09873940321630728
22-07-2016 23:00,14.05,-0.13793219461085013
22-07-2016 23:15,14.098,-0.11478274628596705
22-07-2016 23:30,14.026,-0.12548530669350388
22-07-2016 23:45,14.05,-0.12848645611456336
23-07-2016 00:00,13.978,-0.10474941737013145
23-07-2016 00:15,14.074,-0.14038714677541128
23-07-2016 00:30,13.978,-0.14016310743645877
23-07-2016 00:45,14.026,-0.1521292100440706
23-07-2016 01:00,13.906,-0.12857174582785186
23-07-2016 01:15,13.906,-0.15017399438365708
23-07-2016 01:30,13.882,-0.15194061738638898
23-07-2016 01:45,13.954,-0.14917322097321678
23-07-2016 02:00,13.81,-0.15052496353983297
23-07-2016 02:15,13.714,-0.1160572576459752
23-07-2016 02:30,13.786,-0.15123665074909123
23-07-2016 02:45,13.762,-0.16115665905892065
23-07-2016 03:00,13.834,-0.1456066439579879
23-07-2016 03:15,13.714,-0.14953027119764623
23-07-2016 03:30,13.666,-0.15846617891956352
23-07-2016 03:45,13.714,-0.13815460257182388
23-07-2016 04:00,13.618,-0.13933489347612862
23-07-2016 04:15,13.714,-0.16041482445487715
23-07-2016 04:30,13.618,-0.16421951973188595
23-07-2016 04:45,13.546,-0.12798127509338547
23-07-2016 05:00,13.666,-0.1705011532653405
23-07-2016 05:15,13.546,-0.13943602939459845
23-07-2016 05:30,13.666,-0.1612150627521181
23-07-2016 05:45,13.57,-0.1574032481670247
23-07-2016 06:00,13.522,-0.1506971083724363
23-07-2016 06:15,13.642,-0.16270179335886614
23-07-2016 06:30,13.666,-0.17824040227423646
23-07-2016 06:45,13.666,-0.14883539567262744
23-07-2016 07:00,13.594,-0.14509270844415972
23-07-2016 07:15,13.714,-0.1463036427406056
23-07-2016 07:30,13.642,-0.14370102961597098
23-07-2016 07:45,13.786,-0.15356912770356418
23-07-2016 08:00,13.69,-0.12422022343675199
23-07-2016 08:15,13.738,-0.15839273352773303
23-07-2016 08:30,13.786,-0.14562533009698717
23-07-2016 08:45,13.858,-0.16731731591412685
23-07-2016 09:00,13.834,-0.1455525498250528
23-07-2016 09:15,13.954,-0.16526847205902961
23-07-2016 09:30,13.93,-0.16374814422779407
23-07-2016 09:45,14.05,-0.17870192508957158
23-07-2016 10:00,14.098,-0.173228630671342
23-07-2016 10:15,14.122,-0.16358453428180528
23-07-2016 10:30,14.314,-0.17254800030971096
23-07-2016 10:45,14.433,-0.1933084902606174
23-07-2016 11:00,14.385,-0.19758097194807742
23-07-2016 11:15,14.529,-0.18837210788643566
23-07-2016 11:30,14.505,-0.17275455400752845
23-07-2016 11:45,14.673,-0.2038122147362242
23-07-2016 12:00,14.697,-0.19049287018773975
23-07-2016 12:15,14.888,-0.21265692322347052
23-07-2016 12:30,15.031,-0.21208668230175992
23-07-2016 12:45,15.103,-0.2205661437098283
23-07-2016 13:00,15.199,-0.2071200468605664
23-07-2016 13:15,15.318,-0.22019224942464652
23-07-2016 13:30,15.438,-0.20680321099755453
23-07-2016 13:45,15.438,-0.20634587907217297
23-07-2016 14:00,15.438,-0.2095181212464704
23-07-2016 14:15,15.485,-0.19457697705761323
23-07-2016 14:30,15.461,-0.1979819780708601
23-07-2016 14:45,15.509,-0.19245496233135095
23-07-2016 15:00,15.485,-0.19527858392504727
23-07-2016 15:15,15.581,-0.18705413476637806
23-07-2016 15:30,15.581,-0.18470965173762882
23-07-2016 15:45,15.629,-0.18351045807799352
23-07-2016 16:00,15.605,-0.16730008601454646
23-07-2016 16:15,15.676,-0.18517089150276225
23-07-2016 16:30,15.629,-0.18349058286559142
23-07-2016 16:45,15.581,-0.18217439936834798
23-07-2016 17:00,15.629,-0.16233187053220358
23-07-2016 17:15,15.581,-0.17676018673855676
23-07-2016 17:30,15.629,-0.1747366559549645
23-07-2016 17:45,15.629,-0.17937269615034132
23-07-2016 18:00,15.557,-0.17730862330681937
23-07-2016 18:15,15.485,-0.15719961744214553
23-07-2016 18:30,15.533,-0.18111493225123584
23-07-2016 18:45,15.461,-0.16202686218143295
23-07-2016 19:00,15.438,-0.19159394673052366
23-07-2016 19:15,15.318,-0.17059562439724218
23-07-2016 19:30,15.318,-0.162249824751016
23-07-2016 19:45,15.199,-0.20266913765512237
23-07-2016 20:00,15.175,-0.1688967588969408
23-07-2016 20:15,15.031,-0.17926934175383719
23-07-2016 20:30,15.055,-0.15874742173636436
23-07-2016 20:45,14.888,-0.16402576837573518
23-07-2016 21:00,14.912,-0.1633881420227191
23-07-2016 21:15,14.768,-0.1663619838052955
23-07-2016 21:30,14.768,-0.18345455816818243
23-07-2016 21:45,14.697,-0.19274500752898632
23-07-2016 22:00,14.697,-0.1840355439016362
23-07-2016 22:15,14.529,-0.17132676001814443
23-07-2016 22:30,14.601,-0.22472827390224323
23-07-2016 22:45,14.529,-0.27363378558341106
23-07-2016 23:00,14.481,-0.23060874682147656
23-07-2016 23:15,14.337,-0.2197303543992902
23-07-2016 23:30,14.29,-0.21531785582375582
23-07-2016 23:45,14.314,-0.22989430775615816
24-07-2016 00:00,14.314,-0.22471563857590326
24-07-2016 00:15,14.146,-0.19364181650201656
24-07-2016 00:30,14.05,-0.20527979072528535
24-07-2016 00:45,14.074,-0.20406032247091163
24-07-2016 01:00,13.906,-0.20361851323680596
24-07-2016 01:15,14.026,-0.2247535052018071
24-07-2016 01:30,13.834,-0.20376423409256536
24-07-2016 01:45,13.738,-0.21161041329662583
24-07-2016 02:00,13.786,-0.2085645722487392
24-07-2016 02:15,13.834,-0.2244068824730586
24-07-2016 02:30,13.642,-0.21010206631418668
24-07-2016 02:45,13.497,-0.21669584272091866
24-07-2016 03:00,13.425,-0.21327499768261315
24-07-2016 03:15,13.522,-0.22018093341424655
24-07-2016 03:30,13.377,-0.21319242067877342
24-07-2016 03:45,13.473,-0.21102059919504743
24-07-2016 04:00,13.305,-0.22628748873992158
24-07-2016 04:15,13.401,-0.19959674666187624
24-07-2016 04:30,13.257,-0.19281741789433493
24-07-2016 04:45,13.137,-0.21154015069169527
24-07-2016 05:00,13.281,-0.2246220963469526
24-07-2016 05:15,13.137,-0.20759160249762165
24-07-2016 05:30,13.064,-0.19724451776613547
24-07-2016 05:45,13.257,-0.22720628067394713
24-07-2016 06:00,13.257,-0.20277567206771252
24-07-2016 06:15,13.185,-0.21107801262992776
24-07-2016 06:30,13.112,-0.22409630872188901
24-07-2016 06:45,13.257,-0.2708425844934441
24-07-2016 07:00,13.305,-0.24019581096794881
24-07-2016 07:15,13.425,-0.2568110984149226
24-07-2016 07:30,13.449,-0.2457503995141769
24-07-2016 07:45,13.425,-0.24662275639616224
24-07-2016 08:00,13.642,-0.26168112404296917
24-07-2016 08:15,13.618,-0.26094206832742495
24-07-2016 08:30,13.906,-0.25473671795773795
24-07-2016 08:45,13.906,-0.2662276479112981
24-07-2016 09:00,14.074,-0.29122578255028847
24-07-2016 09:15,14.17,-0.30285729186138977
24-07-2016 09:30,14.337,-0.27220217100234656
24-07-2016 09:45,14.385,-0.27795130736474427
24-07-2016 10:00,14.601,-0.27935476911889795
24-07-2016 10:15,14.625,-0.2985014253984025
24-07-2016 10:30,14.816,-0.28663038886799963
24-07-2016 10:45,14.84,-0.27124004365971077
24-07-2016 11:00,15.008,-0.27791519194919234
24-07-2016 11:15,15.055,-0.2718888530964611
24-07-2016 11:30,15.223,-0.2662945172296183
24-07-2016 11:45,15.199,-0.2773323287668543
24-07-2016 12:00,15.318,-0.2984237444286281
24-07-2016 12:15,15.366,-0.25508948146070276
24-07-2016 12:30,15.509,-0.2577883307674121
24-07-2016 12:45,15.509,-0.2709011169660247
24-07-2016 13:00,15.676,-0.2857646598031677
24-07-2016 13:15,15.629,-0.2689731063116393
24-07-2016 13:30,15.7,-0.2544442101084287
24-07-2016 13:45,15.676,-0.270365266636379
24-07-2016 14:00,15.724,-0.25313451398948994
24-07-2016 14:15,15.724,-0.2400396525313493
24-07-2016 14:30,15.796,-0.26185556343204186
24-07-2016 14:45,15.724,-0.22905662938855295
24-07-2016 15:00,15.724,-0.2449614308318724
24-07-2016 15:15,15.748,-0.23573573864185224
24-07-2016 15:30,15.843,-0.2434969025971329
24-07-2016 15:45,15.796,-0.23423173625346216
24-07-2016 16:00,15.819,-0.2461278135294126
24-07-2016 16:15,15.819,-0.23545487540385276
24-07-2016 16:30,15.891,-0.24385164830137543
24-07-2016 16:45,15.796,-0.24859310028892026
24-07-2016 17:00,15.724,-0.24323264711992346
24-07-2016 17:15,15.772,-0.22263957483650215
24-07-2016 17:30,15.796,-0.23037550747931587
24-07-2016 17:45,15.748,-0.21053248468880012
24-07-2016 18:00,15.676,-0.2256695422544723
24-07-2016 18:15,15.676,-0.21932776448987704
24-07-2016 18:30,15.652,-0.22038921171279763
24-07-2016 18:45,15.605,-0.21672752049274838
24-07-2016 19:00,15.461,-0.2088171210994548
24-07-2016 19:15,15.461,-0.221874730453498
24-07-2016 19:30,15.39,-0.20514993812668714
24-07-2016 19:45,15.366,-0.19650089279295477
24-07-2016 20:00,15.199,-0.20945842004795315
24-07-2016 20:15,15.223,-0.1985776467417775
24-07-2016 20:30,15.079,-0.22013594206222553
24-07-2016 20:45,15.031,-0.2112326898425544
24-07-2016 21:00,14.864,-0.20711733148462652
24-07-2016 21:15,14.864,-0.2149933251767485
24-07-2016 21:30,14.721,-0.20926785321172742
24-07-2016 21:45,14.745,-0.20965330363990076
24-07-2016 22:00,14.553,-0.20146776234217406
24-07-2016 22:15,14.649,-0.22092623327774993
24-07-2016 22:30,14.481,-0.20468242410151144
24-07-2016 22:45,14.505,-0.2315781425343394
24-07-2016 23:00,14.337,-0.21221841322324342
24-07-2016 23:15,14.433,-0.2308682086144321
24-07-2016 23:30,14.242,-0.22126235982013662
24-07-2016 23:45,14.314,-0.2312578841555883
25-07-2016 00:00,14.122,-0.22796208708906518
25-07-2016 00:15,14.194,-0.24421978097779676
25-07-2016 00:30,14.05,-0.24292875843743897
25-07-2016 00:45,13.93,-0.22174475456733267
25-07-2016 01:00,14.05,-0.24096115431834006
25-07-2016 01:15,13.882,-0.255595711547647
25-07-2016 01:30,13.954,-0.25465584163948046
25-07-2016 01:45,13.906,-0.27023117559269266
25-07-2016 02:00,13.882,-0.25832272169457693
25-07-2016 02:15,13.738,-0.2775137019237105
25-07-2016 02:30,13.666,-0.2620639198376548
25-07-2016 02:45,13.81,-0.2652512756484037
25-07-2016 03:00,13.666,-0.26253762885826665
25-07-2016 03:15,13.714,-0.28139600550759636
25-07-2016 03:30,13.714,-0.2648822479449185
25-07-2016 03:45,13.594,-0.2698412601524717
25-07-2016 04:00,13.714,-0.2921447333618912
25-07-2016 04:15,13.57,-0.2747083707514619
25-07-2016 04:30,13.666,-0.27880802677569866
25-07-2016 04:45,13.546,-0.2731811234922125
25-07-2016 05:00,13.594,-0.27998591199980105
25-07-2016 05:15,13.57,-0.2681628153149262
25-07-2016 05:30,13.69,-0.2780112396023346
25-07-2016 05:45,13.522,-0.25569976654802856
25-07-2016 06:00,13.449,-0.2576226358966056
25-07-2016 06:15,13.642,-0.2757042626818818
25-07-2016 06:30,13.546,-0.2612458857907815
25-07-2016 06:45,13.666,-0.2697091064106727
25-07-2016 07:00,13.546,-0.25647569472661774
25-07-2016 07:15,13.69,-0.2586307219425343
25-07-2016 07:30,13.642,-0.26537690590642854
25-07-2016 07:45,13.738,-0.28600391720918494
25-07-2016 08:00,13.666,-0.26699322448559754
25-07-2016 08:15,13.714,-0.26193057281778775
25-07-2016 08:30,13.762,-0.2763880796842483
25-07-2016 08:45,13.762,-0.2778690914133787
25-07-2016 09:00,13.834,-0.26293256036587276
25-07-2016 09:15,13.762,-0.2698226891226172
25-07-2016 09:30,13.93,-0.2672708552513564
25-07-2016 09:45,14.002,-0.27234273932940267
25-07-2016 10:00,14.026,-0.2720767404272287
25-07-2016 10:15,14.026,-0.2564480353139035
25-07-2016 10:30,14.218,-0.28954330670718276
25-07-2016 10:45,14.266,-0.2840710170990646
25-07-2016 11:00,14.433,-0.2627429450968971
25-07-2016 11:15,14.433,-0.27763597008840374
25-07-2016 11:30,14.673,-0.30079926987387984
25-07-2016 11:45,14.721,-0.2922082246901248
25-07-2016 12:00,14.864,-0.2995870555368104
25-07-2016 12:15,14.816,-0.28275573672353577
25-07-2016 12:30,14.936,-0.2781093581112116
25-07-2016 12:45,14.912,-0.2880631191682495
25-07-2016 13:00,15.008,-0.2835595643828432
25-07-2016 13:15,14.96,-0.26988290304189055
25-07-2016 13:30,15.103,-0.2771979002783413
25-07-2016 13:45,15.055,-0.2887643888858398
25-07-2016 14:00,15.151,-0.2850688191702245
25-07-2016 14:15,15.127,-0.28432673048974494
25-07-2016 14:30,15.27,-0.28041699294118516
25-07-2016 14:45,15.27,-0.28241542390519014
25-07-2016 15:00,15.438,-0.21154417489503935
25-07-2016 15:15,15.366,-0.22432592667055212
25-07-2016 15:30,15.509,-0.23391015398876763
25-07-2016 15:45,15.509,-0.24648138760656393
25-07-2016 16:00,15.605,-0.25679854053210105
25-07-2016 16:15,15.509,-0.2284151484021703
25-07-2016 16:30,15.509,-0.24075635418017036
25-07-2016 16:45,15.485,-0.21796937496895846
25-07-2016 17:00,15.533,-0.22673939742208002
25-07-2016 17:15,15.414,-0.23097509923127799
25-07-2016 17:30,15.414,-0.25208726127970965
25-07-2016 17:45,15.438,-0.22003178081960936
25-07-2016 18:00,15.461,-0.25044463639077824
25-07-2016 18:15,15.39,-0.2432257775938811
25-07-2016 18:30,15.318,-0.22789992799438635
25-07-2016 18:45,15.318,-0.216479119473558
25-07-2016 19:00,15.318,-0.250761384591934
25-07-2016 19:15,15.247,-0.24064452338734316
25-07-2016 19:30,15.151,-0.2252831755361144
25-07-2016 19:45,15.151,-0.22625832684663977
25-07-2016 20:00,15.151,-0.2244314252140151
25-07-2016 20:15,15.031,-0.22491332394122995
25-07-2016 20:30,14.888,-0.21507142924860553
25-07-2016 20:45,14.912,-0.22849077061173753
25-07-2016 21:00,14.864,-0.22907405457340338
25-07-2016 21:15,14.792,-0.23554004010043686
25-07-2016 21:30,14.649,-0.2328839175146021
25-07-2016 21:45,14.697,-0.23626579287080104
25-07-2016 22:00,14.553,-0.25230446007441315
25-07-2016 22:15,14.625,-0.24049883103369038
25-07-2016 22:30,14.505,-0.250078399816455
25-07-2016 22:45,14.601,-0.25222165277041514
25-07-2016 23:00,14.457,-0.2594686725571045
25-07-2016 23:15,14.553,-0.2500311404839323
25-07-2016 23:30,14.385,-0.24903222925320873
25-07-2016 23:45,14.457,-0.2534304558449999
26-07-2016 00:00,14.361,-0.27071568620974296
26-07-2016 00:15,14.385,-0.2851491462588387
26-07-2016 00:30,14.242,-0.4126147213221207
26-07-2016 00:45,14.314,-0.3922540577510075
26-07-2016 01:00,14.146,-0.3664198700226584
26-07-2016 01:15,14.218,-0.359677673447858
26-07-2016 01:30,14.05,-0.34995548479384564
26-07-2016 01:45,14.026,-0.35813676783115433
26-07-2016 02:00,13.978,-0.35225231014262964
26-07-2016 02:15,13.93,-0.3410373542146915
26-07-2016 02:30,13.858,-0.3069723971559804
26-07-2016 02:45,13.81,-0.3368301548132406
26-07-2016 03:00,13.762,-0.31083699179897123
26-07-2016 03:15,13.618,-0.3280160075832179
26-07-2016 03:30,13.738,-0.3454282211347397
26-07-2016 03:45,13.57,-0.3235622489959762
26-07-2016 04:00,13.473,-0.3150666525186573
26-07-2016 04:15,13.546,-0.34448336566977
26-07-2016 04:30,13.618,-0.3572966877092845
26-07-2016 04:45,13.449,-0.32580373834478943
26-07-2016 05:00,13.305,-0.3010769961743217
26-07-2016 05:15,13.353,-0.3067613735424562
26-07-2016 05:30,13.377,-0.30301065745651923
26-07-2016 05:45,13.281,-0.3007860738796112
26-07-2016 06:00,13.353,-0.3123392513711328
26-07-2016 06:15,13.257,-0.2975309392422314
26-07-2016 06:30,13.329,-0.2839991968679012
26-07-2016 06:45,13.401,-0.29031689133874417
26-07-2016 07:00,13.449,-0.3106666851904114
26-07-2016 07:15,13.473,-0.29330671986402784
26-07-2016 07:30,13.473,-0.27499557079169107
26-07-2016 07:45,13.642,-0.2960522876717302
26-07-2016 08:00,13.666,-0.29378394928260626
26-07-2016 08:15,13.786,-0.29008265326838717
26-07-2016 08:30,13.762,-0.28813782129611515
26-07-2016 08:45,13.954,-0.2892847158896832
26-07-2016 09:00,14.026,-0.295127515625342
26-07-2016 09:15,14.146,-0.29550904876992884
26-07-2016 09:30,14.242,-0.3042946522496181
26-07-2016 09:45,14.242,-0.28942780054640216
26-07-2016 10:00,14.385,-0.2874421284460683
26-07-2016 10:15,14.337,-0.28448580742864416
26-07-2016 10:30,14.601,-0.3005321474024933
26-07-2016 10:45,14.553,-0.29365719603420604
26-07-2016 11:00,14.84,-0.30956199883443547
26-07-2016 11:15,14.768,-0.2996975194228914
26-07-2016 11:30,15.055,-0.31095685600780615
26-07-2016 11:45,14.888,-0.2878113894972922
26-07-2016 12:00,14.721,-0.28785880866828145
26-07-2016 12:15,14.96,-0.30317775046125045
26-07-2016 12:30,14.888,-0.28525115322499167
26-07-2016 12:45,15.151,-0.3023249342487483
26-07-2016 13:00,15.366,-0.3167987138707814
26-07-2016 13:15,15.318,-0.3101157895936728
26-07-2016 13:30,15.318,-0.31077951684160465
26-07-2016 13:45,15.294,-0.29257222014089
26-07-2016 14:00,15.318,-0.28965701560097085
26-07-2016 14:15,15.079,-0.27062457601807727
26-07-2016 14:30,14.96,-0.2605567229541953
26-07-2016 14:45,15.103,-0.26599304679429403
26-07-2016 15:00,15.079,-0.27024375785488236
26-07-2016 15:15,15.127,-0.2797549067189365
26-07-2016 15:30,15.127,-0.28963273006694307
26-07-2016 15:45,15.103,-0.28399278804921924
26-07-2016 16:00,15.031,-0.26784549457268253
26-07-2016 16:15,15.199,-0.27472751191770517
26-07-2016 16:30,15.127,-0.2704533300631904
26-07-2016 16:45,15.294,-0.2758315696704904
26-07-2016 17:00,15.127,-0.26011125138158897
26-07-2016 17:15,15.175,-0.24610681719663216
26-07-2016 17:30,15.008,-0.24258642051387094
26-07-2016 17:45,15.127,-0.26322753451650804
26-07-2016 18:00,15.103,-0.264617051119891
26-07-2016 18:15,15.031,-0.24496834657094746
26-07-2016 18:30,14.912,-0.24100233182028566
26-07-2016 18:45,15.031,-0.2549175192941014
26-07-2016 19:00,14.84,-0.24425122401549917
26-07-2016 19:15,15.008,-0.24379945540604792
26-07-2016 19:30,14.768,-0.2271681323591705
26-07-2016 19:45,14.816,-0.2650296182773571
26-07-2016 20:00,14.673,-0.22968684987196117
26-07-2016 20:15,14.697,-0.24348836559190953
26-07-2016 20:30,14.457,-0.2367195435212402
26-07-2016 20:45,14.314,-0.23863096224356992
26-07-2016 21:00,14.409,-0.22693328821043038
26-07-2016 21:15,14.314,-0.24419681867994028
26-07-2016 21:30,14.218,-0.24471998451572632
26-07-2016 21:45,14.074,-0.25481355394260047
26-07-2016 22:00,14.098,-0.23251017109876423
26-07-2016 22:15,13.906,-0.23243983575114735
26-07-2016 22:30,14.026,-0.25362885374233857
26-07-2016 22:45,13.81,-0.24661748099772898
26-07-2016 23:00,13.93,-0.253721394566071
26-07-2016 23:15,13.738,-0.25426886610746957
26-07-2016 23:30,13.762,-0.2677679551216465
26-07-2016 23:45,13.57,-0.2645657425273517
27-07-2016 00:00,13.738,-0.2958370048834416
27-07-2016 00:15,13.497,-0.2784435976230672
27-07-2016 00:30,13.69,-0.28081216513908425
27-07-2016 00:45,13.425,-0.2675137035193212
27-07-2016 01:00,13.497,-0.2807347000870741
27-07-2016 01:15,13.281,-0.24888255890455666
27-07-2016 01:30,13.473,-0.2718530421748391
27-07-2016 01:45,13.233,-0.2820192902003152
27-07-2016 02:00,13.281,-0.2895113877750751
27-07-2016 02:15,13.185,-0.25551236222810103
27-07-2016 02:30,13.233,-0.2678273669489591
27-07-2016 02:45,13.04,-0.26379304569304673
27-07-2016 03:00,12.944,-0.25226734255221767
27-07-2016 03:15,13.137,-0.2601846361428647
27-07-2016 03:30,12.944,-0.25567305957920045
27-07-2016 03:45,13.064,-0.2505479879439698
27-07-2016 04:00,12.871,-0.24336634419701256
27-07-2016 04:15,13.04,-0.2726985760079122
27-07-2016 04:30,12.823,-0.2412055555489033
27-07-2016 04:45,12.944,-0.27506277195109835
27-07-2016 05:00,12.799,-0.23964654425288812
27-07-2016 05:15,12.678,-0.23903390328687246
27-07-2016 05:30,12.896,-0.27209415149591726
27-07-2016 05:45,12.727,-0.25315015208328184
27-07-2016 06:00,12.847,-0.23831060660144746
27-07-2016 06:15,12.727,-0.23189073952925332
27-07-2016 06:30,12.896,-0.253820131352972
27-07-2016 06:45,12.847,-0.2553741540768483
27-07-2016 07:00,12.92,-0.24707356230299368
27-07-2016 07:15,12.847,-0.2137736421050435
27-07-2016 07:30,13.088,-0.24435122172110457
27-07-2016 07:45,12.968,-0.2380742766568983
27-07-2016 08:00,13.209,-0.24640791252537636
27-07-2016 08:15,13.112,-0.24796142827662523
27-07-2016 08:30,13.281,-0.2642604512223462
27-07-2016 08:45,13.257,-0.24654130116252823
27-07-2016 09:00,13.522,-0.26737896050588283
27-07-2016 09:15,13.425,-0.264417732966985
27-07-2016 09:30,13.666,-0.2887410735379399
27-07-2016 09:45,13.738,-0.2757419088355889
27-07-2016 10:00,13.906,-0.28321708392490297
27-07-2016 10:15,13.858,-0.27224306800720305
27-07-2016 10:30,14.074,-0.2966250820176485
27-07-2016 10:45,14.05,-0.2734053475297899
27-07-2016 11:00,14.242,-0.28019312918471806
27-07-2016 11:15,14.122,-0.2611850008346756
27-07-2016 11:30,14.218,-0.27681517119026977
27-07-2016 11:45,14.122,-0.2602858880594064
27-07-2016 12:00,14.266,-0.2763037014480932
27-07-2016 12:15,14.266,-0.2697507326329753
27-07-2016 12:30,14.361,-0.2570874198307418
27-07-2016 12:45,14.409,-0.28104336669161745
27-07-2016 13:00,14.601,-0.28299278881092765
27-07-2016 13:15,14.553,-0.3029932933067754
27-07-2016 13:30,14.553,-0.2885687579536085
27-07-2016 13:45,14.697,-0.30266976250802063
27-07-2016 14:00,14.649,-0.28217640214564654
27-07-2016 14:15,14.84,-0.2942948837500543
27-07-2016 14:30,14.792,-0.28647972477947675
27-07-2016 14:45,14.912,-0.30632778681697576
27-07-2016 15:00,14.84,-0.30077584518558365
27-07-2016 15:15,14.912,-0.3074519226061716
27-07-2016 15:30,14.84,-0.2886710294852528
27-07-2016 15:45,14.912,-0.2896284085224095
27-07-2016 16:00,14.816,-0.28683526158853323
27-07-2016 16:15,15.008,-0.29861461217061913
27-07-2016 16:30,14.888,-0.2975939318279243
27-07-2016 16:45,14.96,-0.3049586861076223
27-07-2016 17:00,14.84,-0.2947787334510263
27-07-2016 17:15,14.936,-0.3017085361669993
27-07-2016 17:30,14.792,-0.2840182974437801
27-07-2016 17:45,14.888,-0.2946543400016932
27-07-2016 18:00,14.768,-0.27060651260140156
27-07-2016 18:15,14.84,-0.289090525001036
27-07-2016 18:30,14.721,-0.27658729679089566
27-07-2016 18:45,14.792,-0.3011555619266465
27-07-2016 19:00,14.792,-0.2970911376579015
27-07-2016 19:15,14.673,-0.28362467076845016
27-07-2016 19:30,14.577,-0.2981614744596128
27-07-2016 19:45,14.577,-0.27925566878271435
27-07-2016 20:00,14.529,-0.28671266454377303
27-07-2016 20:15,14.529,-0.28452670966235943
27-07-2016 20:30,14.409,-0.2945578388302018
27-07-2016 20:45,14.433,-0.29856676023394774
27-07-2016 21:00,14.242,-0.28270129328099847
27-07-2016 21:15,14.314,-0.29447721536943416
27-07-2016 21:30,14.146,-0.28762682587219246
27-07-2016 21:45,14.242,-0.30462173505695145
27-07-2016 22:00,14.146,-0.29914795812803535
27-07-2016 22:15,14.098,-0.28471943498472596
27-07-2016 22:30,13.978,-0.28733577301884056
27-07-2016 22:45,14.098,-0.28036443951545775
27-07-2016 23:00,13.906,-0.29941006840675205
27-07-2016 23:15,14.002,-0.29042731362448027
27-07-2016 23:30,13.858,-0.29065998781938945
27-07-2016 23:45,13.858,-0.28929055379110924
28-07-2016 00:00,13.69,-0.26448914918968675
28-07-2016 00:15,13.786,-0.2859395943926039
28-07-2016 00:30,13.618,-0.27986680064190905
28-07-2016 00:45,13.738,-0.28870435530517574
28-07-2016 01:00,13.666,-0.30875131215768686
28-07-2016 01:15,13.594,-0.282626944246368
28-07-2016 01:30,13.449,-0.2750992375495575
28-07-2016 01:45,13.57,-0.2904202750038311
28-07-2016 02:00,13.425,-0.3124195142912527
28-07-2016 02:15,13.522,-0.31930787529707344
28-07-2016 02:30,13.377,-0.30739553095042993
28-07-2016 02:45,13.473,-0.3008220619940128
28-07-2016 03:00,13.305,-0.2821568893078825
28-07-2016 03:15,13.473,-0.2892021639274328
28-07-2016 03:30,13.281,-0.2709025039598847
28-07-2016 03:45,13.425,-0.2992018919749143
28-07-2016 04:00,13.281,-0.28581205415289546
28-07-2016 04:15,13.353,-0.2753299380396691
28-07-2016 04:30,13.209,-0.2740392862723155
28-07-2016 04:45,13.377,-0.293112851568083
28-07-2016 05:00,13.281,-0.27636164738020413
28-07-2016 05:15,13.425,-0.29843762700072224
28-07-2016 05:30,13.281,-0.2642877318830519
28-07-2016 05:45,13.449,-0.2881272224161424
28-07-2016 06:00,13.353,-0.26325333980170135
28-07-2016 06:15,13.449,-0.2718834168472239
28-07-2016 06:30,13.329,-0.268528450041064
28-07-2016 06:45,13.353,-0.2628598902198888
28-07-2016 07:00,13.401,-0.2608541635173725
28-07-2016 07:15,13.546,-0.2699760084877248
28-07-2016 07:30,13.425,-0.25177611266538585
28-07-2016 07:45,13.57,-0.26043107987653663
28-07-2016 08:00,13.642,-0.26080434458040125
28-07-2016 08:15,13.618,-0.25211539145787065
28-07-2016 08:30,13.666,-0.25757635997881606
28-07-2016 08:45,13.714,-0.24430497316186453
28-07-2016 09:00,13.738,-0.25449571211437705
28-07-2016 09:15,13.762,-0.2518323681980668
28-07-2016 09:30,13.786,-0.24843300419840794
28-07-2016 09:45,13.834,-0.24721492062882605
28-07-2016 10:00,13.81,-0.23366320343270677
28-07-2016 10:15,13.858,-0.22728455103002246
28-07-2016 10:30,14.05,-0.24596159613541044
28-07-2016 10:45,14.194,-0.2694413105343784
28-07-2016 11:00,14.242,-0.2468565351105634
28-07-2016 11:15,14.29,-0.2520158814075789
28-07-2016 11:30,14.218,-0.2537400307700678
28-07-2016 11:45,14.242,-0.24680177523821586
28-07-2016 12:00,14.29,-0.2534147299057639
28-07-2016 12:15,14.361,-0.26648916624940105
28-07-2016 12:30,14.529,-0.28052732124155083
28-07-2016 12:45,14.697,-0.2793508947823446
28-07-2016 13:00,14.768,-0.2847636764099157
28-07-2016 13:15,14.888,-0.28912050115342297
28-07-2016 13:30,15.008,-0.29621905023541445
28-07-2016 13:45,15.055,-0.29152093087039327
28-07-2016 14:00,15.127,-0.31208949079183557
28-07-2016 14:15,15.175,-0.3032777078749145
28-07-2016 14:30,15.175,-0.30142152748662027
28-07-2016 14:45,15.223,-0.29933663584832515
28-07-2016 15:00,15.247,-0.30083739217437977
28-07-2016 15:15,15.223,-0.291753738103663
28-07-2016 15:30,15.199,-0.305418665290968
28-07-2016 15:45,15.247,-0.29626093251494195
28-07-2016 16:00,15.199,-0.3095143552748648
28-07-2016 16:15,15.223,-0.30284622359050856
28-07-2016 16:30,15.27,-0.311775855451791
28-07-2016 16:45,15.199,-0.304289893591793
28-07-2016 17:00,15.175,-0.31485691082049583
28-07-2016 17:15,15.151,-0.2996821772674129
28-07-2016 17:30,15.055,-0.2838643578831588
28-07-2016 17:45,15.055,-0.2947834618207855
28-07-2016 18:00,15.055,-0.3062173664562023
28-07-2016 18:15,15.031,-0.29855841913443093
28-07-2016 18:30,15.031,-0.2997095117408602
28-07-2016 18:45,15.008,-0.29383941703961025
28-07-2016 19:00,14.936,-0.2913932387325519
28-07-2016 19:15,14.912,-0.28600163059345146
28-07-2016 19:30,14.84,-0.27857984958531046
28-07-2016 19:45,14.768,-0.27740619332890976
28-07-2016 20:00,14.745,-0.28200586484950435
28-07-2016 20:15,14.673,-0.269918514384555
28-07-2016 20:30,14.625,-0.27570913218661425
28-07-2016 20:45,14.625,-0.28638852904159773
28-07-2016 21:00,14.529,-0.2833042388002199
28-07-2016 21:15,14.457,-0.2709168198218199
28-07-2016 21:30,14.433,-0.27173266800865314
28-07-2016 21:45,14.361,-0.2737261297557729
28-07-2016 22:00,14.29,-0.2764188131382148
28-07-2016 22:15,14.29,-0.2759682772731999
28-07-2016 22:30,14.242,-0.27499973882879714
28-07-2016 22:45,14.17,-0.26887744979843126
28-07-2016 23:00,14.194,-0.26582049440835975
28-07-2016 23:15,14.122,-0.26727175990828517
28-07-2016 23:30,14.074,-0.2664228975119572
28-07-2016 23:45,14.098,-0.25987561509055074
29-07-2016 00:00,14.026,-0.25990276449383276
29-07-2016 00:15,13.954,-0.260974219396697
29-07-2016 00:30,14.002,-0.2692290935490057
29-07-2016 00:45,13.906,-0.2552889413833586
29-07-2016 01:00,13.858,-0.2594517839497651
29-07-2016 01:15,13.906,-0.25078311411699766
29-07-2016 01:30,13.81,-0.262502584626309
29-07-2016 01:45,13.786,-0.26182674935120737
29-07-2016 02:00,13.834,-0.2683820603012981
29-07-2016 02:15,13.738,-0.2548332325423163
29-07-2016 02:30,13.714,-0.25186680713775816
29-07-2016 02:45,13.762,-0.2536349659315363
29-07-2016 03:00,13.69,-0.2632633152494181
29-07-2016 03:15,13.642,-0.24680871993979606
29-07-2016 03:30,13.69,-0.256788152849843
29-07-2016 03:45,13.618,-0.24125599566392983
29-07-2016 04:00,13.57,-0.24224462764520557
29-07-2016 04:15,13.642,-0.24880252631968122
29-07-2016 04:30,13.57,-0.24367394901015596
29-07-2016 04:45,13.497,-0.2346717513712754
29-07-2016 05:00,13.522,-0.25592381620986804
29-07-2016 05:15,13.594,-0.23068629417771158
29-07-2016 05:30,13.546,-0.2255196552175145
29-07-2016 05:45,13.57,-0.2331396215558992
29-07-2016 06:00,13.546,-0.22696542371325606
29-07-2016 06:15,13.618,-0.23776523897107704
29-07-2016 06:30,13.594,-0.2331780384380002
29-07-2016 06:45,13.642,-0.24644389315128123
29-07-2016 07:00,13.714,-0.257166663100356
29-07-2016 07:15,13.738,-0.2470803034679417
29-07-2016 07:30,13.762,-0.25662239730473335
29-07-2016 07:45,13.906,-0.2523045080284083
29-07-2016 08:00,13.906,-0.24859351077129707
29-07-2016 08:15,13.954,-0.2453095302549151
29-07-2016 08:30,14.026,-0.25167243167487874
29-07-2016 08:45,14.05,-0.24856683116034736
29-07-2016 09:00,14.074,-0.26100273360787035
29-07-2016 09:15,14.146,-0.24970201988799567
29-07-2016 09:30,14.29,-0.2401148541210384
29-07-2016 09:45,14.314,-0.26750797119515546
29-07-2016 10:00,14.409,-0.2490522835608069
29-07-2016 10:15,14.481,-0.23369255473296172
29-07-2016 10:30,14.481,-0.2319136498686677
29-07-2016 10:45,14.553,-0.22897302901975644
29-07-2016 11:00,14.649,-0.2265871207316646
29-07-2016 11:15,14.649,-0.21195918560684324
29-07-2016 11:30,14.721,-0.22457004034715025
29-07-2016 11:45,14.888,-0.22098156544435002
29-07-2016 12:00,14.984,-0.22182892941883597
29-07-2016 12:15,15.151,-0.22238366560623485
29-07-2016 12:30,15.294,-0.21938540458727085
29-07-2016 12:45,15.318,-0.2396653906375851
29-07-2016 13:00,15.366,-0.23005351888651607
29-07-2016 13:15,15.366,-0.2256843879650891
29-07-2016 13:30,15.414,-0.22271233055818082
29-07-2016 13:45,15.485,-0.23032876123673088
29-07-2016 14:00,15.629,-0.23347091764977845
29-07-2016 14:15,15.748,-0.22595565469019477
29-07-2016 14:30,15.772,-0.24250107758292727
29-07-2016 14:45,15.819,-0.240814517541462
29-07-2016 15:00,15.963,-0.24294808881969077
29-07-2016 15:15,15.986,-0.24076444471493388
29-07-2016 15:30,15.939,-0.2421288117617065
29-07-2016 15:45,15.939,-0.2477488124899591
29-07-2016 16:00,15.963,-0.2655765374875499
29-07-2016 16:15,16.01,-0.24592737016162086
29-07-2016 16:30,15.963,-0.26111398993420654
29-07-2016 16:45,15.891,-0.26097710153349013
29-07-2016 17:00,15.867,-0.2671278700570149
29-07-2016 17:15,15.867,-0.27081973619507943
29-07-2016 17:30,15.748,-0.2717674323222618
29-07-2016 17:45,15.676,-0.2706261955118558
29-07-2016 18:00,15.605,-0.26115988850376864
29-07-2016 18:15,15.557,-0.2821719433821833
29-07-2016 18:30,15.485,-0.2923499594836933
29-07-2016 18:45,15.438,-0.28372120446853655
29-07-2016 19:00,15.414,-0.28923979448786025
29-07-2016 19:15,15.318,-0.2906300463315761
29-07-2016 19:30,15.247,-0.2865313075795684
29-07-2016 19:45,15.223,-0.2986057391003827
29-07-2016 20:00,15.103,-0.2969343031461024
29-07-2016 20:15,15.008,-0.30100852812804607
29-07-2016 20:30,14.888,-0.30085101074252424
29-07-2016 20:45,14.816,-0.3105664760842995
29-07-2016 21:00,14.721,-0.2838652777113006
29-07-2016 21:15,14.625,-0.2843788675478123
29-07-2016 21:30,14.625,-0.28354467380973547
29-07-2016 21:45,14.529,-0.28405826364624714
29-07-2016 22:00,14.457,-0.2853819239789674
29-07-2016 22:15,14.457,-0.28746740832415946
29-07-2016 22:30,14.385,-0.2946372624770084
29-07-2016 22:45,14.314,-0.2938744333294587
29-07-2016 23:00,14.266,-0.31563222996396556
29-07-2016 23:15,14.266,-0.3106202298819137
29-07-2016 23:30,14.194,-0.3207097621180316
29-07-2016 23:45,14.146,-0.32910678363612744
30-07-2016 00:00,14.17,-0.3278313697871439
30-07-2016 00:15,14.074,-0.33836895978775916
30-07-2016 00:30,13.978,-0.3296927431982441
30-07-2016 00:45,13.978,-0.33804151823260337
30-07-2016 01:00,13.978,-0.34347061518369354
30-07-2016 01:15,13.906,-0.3422916943021832
30-07-2016 01:30,13.834,-0.3548838077525316
30-07-2016 01:45,13.786,-0.3515952792839609
30-07-2016 02:00,13.786,-0.3662073450074873
30-07-2016 02:15,13.69,-0.36004054728579343
30-07-2016 02:30,13.594,-0.37433200910775455
30-07-2016 02:45,13.594,-0.37892007466717714
30-07-2016 03:00,13.618,-0.373056595258771
30-07-2016 03:15,13.546,-0.36394599621193996
30-07-2016 03:30,13.497,-0.3948809291003699
30-07-2016 03:45,13.425,-0.38285065197026985
30-07-2016 04:00,13.353,-0.3912717967302341
30-07-2016 04:15,13.353,-0.39043760299215724
30-07-2016 04:30,13.281,-0.3796517788155816
30-07-2016 04:45,13.233,-0.38930692859438354
30-07-2016 05:00,13.257,-0.3984657741249513
30-07-2016 05:15,13.185,-0.39978943445767157
30-07-2016 05:30,13.185,-0.3910235625542739
30-07-2016 05:45,13.137,-0.39649406833551
30-07-2016 06:00,13.185,-0.405211693755171
30-07-2016 06:15,13.161,-0.4085794296029374
30-07-2016 06:30,13.209,-0.4068627956430471
30-07-2016 06:45,13.185,-0.4068869188849154
30-07-2016 07:00,13.257,-0.4222539709673228
30-07-2016 07:15,13.305,-0.4121885619730733
30-07-2016 07:30,13.329,-0.40882766377889757
30-07-2016 07:45,13.425,-0.42334323653495065
30-07-2016 08:00,13.594,-0.41857846549378114
30-07-2016 08:15,13.642,-0.42562770343728845
30-07-2016 08:30,13.762,-0.42300450601371636
30-07-2016 08:45,13.906,-0.42494525090769847
30-07-2016 09:00,13.93,-0.43702377452153524
30-07-2016 09:15,13.978,-0.4319703656093376
30-07-2016 09:30,14.122,-0.4455966604899862
30-07-2016 09:45,14.194,-0.441353322073997
30-07-2016 10:00,14.242,-0.4396366881141067
30-07-2016 10:15,14.314,-0.4483301902918994
30-07-2016 10:30,14.457,-0.45068903718999787
30-07-2016 10:45,14.505,-0.4527262750514533
30-07-2016 11:00,14.577,-0.4672659710493748
30-07-2016 11:15,14.721,-0.4520920690056
30-07-2016 11:30,14.673,-0.4579865093094654
30-07-2016 11:45,14.745,-0.45833123645289886
30-07-2016 12:00,14.792,-0.4574498013661632
30-07-2016 12:15,14.864,-0.4607142065928656
30-07-2016 12:30,15.055,-0.47263171030229256
30-07-2016 12:45,15.199,-0.45954329260371013
30-07-2016 13:00,15.342,-0.4715090427968738
30-07-2016 13:15,15.39,-0.4714607963131371
30-07-2016 13:30,15.438,-0.4872759061600422
30-07-2016 13:45,15.509,-0.47551215392925755
30-07-2016 14:00,15.485,-0.47678756777824116
30-07-2016 14:15,15.485,-0.4826337615983699
30-07-2016 14:30,15.461,-0.48850407866036694
30-07-2016 14:45,15.39,-0.4894096369889709
30-07-2016 15:00,15.294,-0.4849112267434307
30-07-2016 15:15,15.294,-0.49785490499080337
30-07-2016 15:30,15.342,-0.49362885216309177
30-07-2016 15:45,15.27,-0.5062278032670308
30-07-2016 16:00,15.247,-0.49873634007753903
30-07-2016 16:15,15.294,-0.5091233581084315
30-07-2016 16:30,15.247,-0.5112560838022825
30-07-2016 16:45,15.199,-0.5142308460228788
30-07-2016 17:00,15.199,-0.5079675553337116
30-07-2016 17:15,15.175,-0.5230208411681447
30-07-2016 17:30,15.127,-0.5188912813079064
30-07-2016 17:45,15.103,-0.5260128889770187
30-07-2016 18:00,15.103,-0.5260128889770187
30-07-2016 18:15,15.008,-0.5265254736784525
30-07-2016 18:30,14.936,-0.5274320371421343
30-07-2016 18:45,14.912,-0.5237022885626568
30-07-2016 19:00,14.792,-0.5342571641515498
30-07-2016 19:15,14.745,-0.5355556961073239
30-07-2016 19:30,14.721,-0.5326601412659232
30-07-2016 19:45,14.625,-0.5365105060547423
30-07-2016 20:00,14.529,-0.5374411927602925
30-07-2016 20:15,14.553,-0.5324119070899631
30-07-2016 20:30,14.433,-0.5350351045135352
30-07-2016 20:45,14.361,-0.5488853462245897
30-07-2016 21:00,14.29,-0.5372643231748593
30-07-2016 21:15,14.266,-0.549815027795062
30-07-2016 21:30,14.146,-0.5445065470533133
30-07-2016 21:45,14.098,-0.5449718904060883
30-07-2016 22:00,14.098,-0.5520693748333323
30-07-2016 22:15,14.026,-0.5467194852614378
30-07-2016 22:30,13.954,-0.5534654048916575
30-07-2016 22:45,13.93,-0.5501527531812185
30-07-2016 23:00,13.93,-0.5555818501323088
30-07-2016 23:15,13.81,-0.5527759506047906
30-07-2016 23:30,13.762,-0.5603387783848096
30-07-2016 23:45,13.714,-0.5624725092137384
31-07-2016 00:00,13.642,-0.5604593945941512
31-07-2016 00:15,13.522,-0.5609971076725313
31-07-2016 00:30,13.473,-0.5723216500625645
31-07-2016 00:45,13.497,-0.5739659142968497
31-07-2016 01:00,13.377,-0.5719942085074085
31-07-2016 01:15,13.305,-0.5749930939698733
31-07-2016 01:30,13.353,-0.5899740100787014
31-07-2016 01:45,13.305,-0.5758272877079501
31-07-2016 02:00,13.209,-0.5871922337930515
31-07-2016 02:15,13.233,-0.5934314012403503
31-07-2016 02:30,13.233,-0.5988604981914406
31-07-2016 02:45,13.137,-0.5901911192555163
31-07-2016 03:00,13.088,-0.596496823909907
31-07-2016 03:15,13.112,-0.5889581193717564
31-07-2016 03:30,13.161,-0.5864062865387113
31-07-2016 03:45,13.088,-0.5860625645303557
31-07-2016 04:00,13.064,-0.6023671409719041
31-07-2016 04:15,13.04,-0.6082374580339012
31-07-2016 04:30,13.016,-0.5957349998974352
31-07-2016 04:45,13.04,-0.6053109422970414
31-07-2016 05:00,12.992,-0.5999369294832785
31-07-2016 05:15,12.992,-0.6137079638151373
31-07-2016 05:30,13.04,-0.5986373923924266
31-07-2016 05:45,13.016,-0.6166103563101287
31-07-2016 06:00,12.968,-0.6166586027938654
31-07-2016 06:15,13.016,-0.61076416249
31-07-2016 06:30,12.992,-0.6233148671102026
31-07-2016 06:45,13.088,-0.6198747615368311
31-07-2016 07:00,13.088,-0.6198747615368311
31-07-2016 07:15,13.185,-0.6318867479435756
31-07-2016 07:30,13.257,-0.6213732811848287
31-07-2016 07:45,13.353,-0.6317178852504973
31-07-2016 08:00,13.353,-0.6350546602028047
31-07-2016 08:15,13.425,-0.6320626123939308
31-07-2016 08:30,13.546,-0.6373632503470108
31-07-2016 08:45,13.594,-0.6264636476146846
31-07-2016 09:00,13.618,-0.6322857181929448
31-07-2016 09:15,13.762,-0.664701885141095
31-07-2016 09:30,13.954,-0.6453019302696086
31-07-2016 09:45,14.002,-0.6519340713440774
31-07-2016 10:00,14.074,-0.645181314060267
31-07-2016 10:15,14.194,-0.6525752791472078
31-07-2016 10:30,14.29,-0.6650053675580688
31-07-2016 10:45,14.361,-0.6524074215892074
31-07-2016 11:00,14.409,-0.6582053689255994
31-07-2016 11:15,14.505,-0.6581088759581262
31-07-2016 11:30,14.457,-0.6543964129669262
31-07-2016 11:45,14.457,-0.66442041313103
31-07-2016 12:00,14.553,-0.6722555983288775
31-07-2016 12:15,14.745,-0.6766506779533537
31-07-2016 12:30,14.84,-0.677389383859035
31-07-2016 12:45,14.936,-0.679802309759383
31-07-2016 13:00,15.031,-0.6809581125341029
31-07-2016 13:15,14.912,-0.6748144329191995
31-07-2016 13:30,14.888,-0.6773411373752983
31-07-2016 13:45,14.96,-0.6726807020902708
31-07-2016 14:00,14.984,-0.6826737413589153
